Zotu1	d:Fungi(1.0000),p:Ascomycota(0.6100),c:Leotiomycetes(0.0732),o:Helotiales(0.0081),f:Myxotrichaceae(0.0008),g:Oidiodendron(0.0001)	+	d:Fungi
Zotu2	d:Fungi(1.0000),p:Ascomycota(0.6200),c:Saccharomycetes(0.2728),o:Saccharomycetales(0.1200),f:Metschnikowiaceae(0.0504),g:Metschnikowia(0.0212)	+	d:Fungi
Zotu3	d:Fungi(1.0000),p:Ascomycota(0.7600),c:Xylonomycetes(0.1596),o:Symbiotaphrinales(0.0335),f:Symbiotaphrinaceae(0.0070),g:Symbiotaphrina(0.0015),s:Symbiotaphrina_buchneri_SH1641879.08FU(0.0003)	+	d:Fungi
Zotu4	d:Fungi(1.0000),p:Chytridiomycota(0.1300)	+	d:Fungi
Zotu5	d:Fungi(1.0000),p:Ascomycota(0.6500),c:Leotiomycetes(0.0780),o:Helotiales(0.0094),f:Myxotrichaceae(0.0010),g:Oidiodendron(0.0001)	+	d:Fungi
Zotu6	d:Fungi(1.0000),p:Ascomycota(0.6100),c:Xylonomycetes(0.0732),o:Symbiotaphrinales(0.0088),f:Symbiotaphrinaceae(0.0011),g:Symbiotaphrina(0.0001),s:Symbiotaphrina_buchneri_SH1641879.08FU(0.0000)	+	d:Fungi
Zotu7	d:Fungi(1.0000),p:Ascomycota(0.6600),c:Xylonomycetes(0.0990),o:Symbiotaphrinales(0.0149),f:Symbiotaphrinaceae(0.0022),g:Symbiotaphrina(0.0003),s:Symbiotaphrina_buchneri_SH1641879.08FU(0.0001)	+	d:Fungi
Zotu8	d:Fungi(1.0000),p:Basidiomycota(0.3400),c:Ustilaginomycetes(0.0476),o:Ustilaginales(0.0067),f:Ustilaginaceae(0.0009),g:Pseudozyma(0.0001)	+	d:Fungi
Zotu9	d:Fungi(1.0000),p:Ascomycota(0.5700),c:Saccharomycetes(0.2109),o:Saccharomycetales(0.0780),f:Metschnikowiaceae(0.0289),g:Metschnikowia(0.0107)	+	d:Fungi
Zotu10	d:Fungi(1.0000),p:Ascomycota(0.6100),c:Xylonomycetes(0.0732),o:Symbiotaphrinales(0.0088),f:Symbiotaphrinaceae(0.0011),g:Symbiotaphrina(0.0001),s:Symbiotaphrina_buchneri_SH1641879.08FU(0.0000)	+	d:Fungi
Zotu11	d:Fungi(1.0000),p:Ascomycota(0.6300),c:Xylonomycetes(0.0819),o:Symbiotaphrinales(0.0106),f:Symbiotaphrinaceae(0.0014),g:Symbiotaphrina(0.0002),s:Symbiotaphrina_buchneri_SH1641879.08FU(0.0000)	+	d:Fungi
Zotu12	d:Fungi(1.0000),p:Ascomycota(0.6800),c:Saccharomycetes(0.2448),o:Saccharomycetales(0.0881),f:Metschnikowiaceae(0.0308),g:Metschnikowia(0.0108)	+	d:Fungi
Zotu13	d:Fungi(1.0000),p:Ascomycota(0.5700),c:Xylonomycetes(0.0741),o:Symbiotaphrinales(0.0096),f:Symbiotaphrinaceae(0.0013),g:Symbiotaphrina(0.0002),s:Symbiotaphrina_buchneri_SH1641879.08FU(0.0000)	+	d:Fungi
Zotu14	d:Fungi(1.0000),p:Ascomycota(0.6900),c:Saccharomycetes(0.2484),o:Saccharomycetales(0.0894),f:Metschnikowiaceae(0.0322),g:Metschnikowia(0.0116)	+	d:Fungi
Zotu15	d:Fungi(1.0000),p:Ascomycota(0.6700),c:Saccharomycetes(0.2479),o:Saccharomycetales(0.0917),f:Metschnikowiaceae(0.0312),g:Metschnikowia(0.0106),s:Metschnikowia_bowlesiae_SH3316807.08FU(0.0011)	+	d:Fungi
Zotu16	d:Fungi(1.0000),p:Ascomycota(0.5400),c:Xylonomycetes(0.0918),o:Symbiotaphrinales(0.0156),f:Symbiotaphrinaceae(0.0027),g:Symbiotaphrina(0.0005),s:Symbiotaphrina_buchneri_SH1641879.08FU(0.0001)	+	d:Fungi
Zotu17	d:Fungi(1.0000),p:Ascomycota(0.6500),c:Leotiomycetes(0.0975),o:Helotiales(0.0146),f:Myxotrichaceae(0.0022),g:Oidiodendron(0.0003)	+	d:Fungi
Zotu18	d:Fungi(1.0000),p:Ascomycota(0.6000),c:Xylonomycetes(0.0480),o:Symbiotaphrinales(0.0038),f:Symbiotaphrinaceae(0.0003),g:Symbiotaphrina(0.0000),s:Symbiotaphrina_buchneri_SH1641879.08FU(0.0000)	+	d:Fungi
Zotu19	d:Fungi(1.0000),p:Ascomycota(0.6500),c:Saccharomycetes(0.1105),o:Saccharomycetales(0.0188),f:Metschnikowiaceae(0.0030),g:Metschnikowia(0.0005)	+	d:Fungi
Zotu20	d:Fungi(1.0000),p:Ascomycota(0.5400),c:Saccharomycetes(0.1836),o:Saccharomycetales(0.0624),f:Metschnikowiaceae(0.0200),g:Metschnikowia(0.0064)	+	d:Fungi
Zotu21	d:Fungi(1.0000),p:Ascomycota(0.6200),c:Leotiomycetes(0.0868),o:Helotiales(0.0122),f:Myxotrichaceae(0.0015),g:Oidiodendron(0.0002)	+	d:Fungi
Zotu22	d:Fungi(1.0000),p:Ascomycota(0.6400),c:Saccharomycetes(0.1984),o:Saccharomycetales(0.0615),f:Metschnikowiaceae(0.0172),g:Metschnikowia(0.0048)	+	d:Fungi
Zotu23	d:Fungi(1.0000),p:Ascomycota(0.5900),c:Saccharomycetes(0.1770),o:Saccharomycetales(0.0531),f:Metschnikowiaceae(0.0154),g:Metschnikowia(0.0045)	+	d:Fungi
Zotu24	d:Fungi(1.0000),p:Ascomycota(0.5300),c:Saccharomycetes(0.1802),o:Saccharomycetales(0.0613),f:Metschnikowiaceae(0.0208),g:Metschnikowia(0.0071),s:Metschnikowia_bowlesiae_SH3316807.08FU(0.0008)	+	d:Fungi
Zotu25	d:Fungi(1.0000),p:Ascomycota(0.6700),c:Saccharomycetes(0.2278),o:Saccharomycetales(0.0775),f:Metschnikowiaceae(0.0263),g:Metschnikowia(0.0090)	+	d:Fungi
Zotu26	d:Fungi(1.0000),p:Ascomycota(0.7000),c:Saccharomycetes(0.2800),o:Saccharomycetales(0.1120),f:Metschnikowiaceae(0.0403),g:Metschnikowia(0.0141)	+	d:Fungi
Zotu27	d:Fungi(1.0000),p:Ascomycota(0.6300),c:Xylonomycetes(0.0882),o:Symbiotaphrinales(0.0123),f:Symbiotaphrinaceae(0.0017),g:Symbiotaphrina(0.0002),s:Symbiotaphrina_buchneri_SH1641879.08FU(0.0000)	+	d:Fungi
Zotu28	d:Fungi(1.0000),p:Ascomycota(0.7100),c:Saccharomycetes(0.2627),o:Saccharomycetales(0.0972),f:Metschnikowiaceae(0.0340),g:Metschnikowia(0.0119),s:Metschnikowia_lochheadii_SH3313669.08FU(0.0018)	+	d:Fungi
Zotu29	d:Fungi(1.0000),p:Ascomycota(0.7500),c:Saccharomycetes(0.1800),o:Saccharomycetales(0.0432),f:Metschnikowiaceae(0.0091),g:Metschnikowia(0.0019)	+	d:Fungi
Zotu30	d:Fungi(1.0000),p:Ascomycota(0.5600),c:Xylonomycetes(0.0728),o:Symbiotaphrinales(0.0095),f:Symbiotaphrinaceae(0.0012),g:Symbiotaphrina(0.0002),s:Symbiotaphrina_buchneri_SH1641879.08FU(0.0000)	+	d:Fungi
Zotu31	d:Fungi(1.0000),p:Ascomycota(0.5100),c:Saccharomycetes(0.1683),o:Saccharomycetales(0.0555),f:Metschnikowiaceae(0.0183),g:Metschnikowia(0.0060),s:Metschnikowia_bowlesiae_SH3316807.08FU(0.0008)	+	d:Fungi
Zotu32	d:Fungi(1.0000),p:Ascomycota(0.8100),c:Saccharomycetes(0.4212),o:Saccharomycetales(0.2190),f:Metschnikowiaceae(0.1051),g:Metschnikowia(0.0505)	+	d:Fungi,p:Ascomycota
Zotu33	d:Fungi(1.0000),p:Ascomycota(0.6700),c:Saccharomycetes(0.2613),o:Saccharomycetales(0.1019),f:Metschnikowiaceae(0.0397),g:Metschnikowia(0.0155),s:Metschnikowia_cerradonensis_SH3227875.08FU(0.0017)	+	d:Fungi
Zotu34	d:Fungi(1.0000),p:Ascomycota(0.6600),c:Leotiomycetes(0.0726),o:Helotiales(0.0080),f:Myxotrichaceae(0.0008),g:Oidiodendron(0.0001)	+	d:Fungi
Zotu35	d:Fungi(1.0000),p:Ascomycota(0.5600),c:Saccharomycetes(0.1568),o:Saccharomycetales(0.0439),f:Metschnikowiaceae(0.0123),g:Metschnikowia(0.0034)	+	d:Fungi
Zotu36	d:Fungi(1.0000),p:Ascomycota(0.7500),c:Saccharomycetes(0.3675),o:Saccharomycetales(0.1801),f:Metschnikowiaceae(0.0828),g:Metschnikowia(0.0381),s:Metschnikowia_lochheadii_SH3313669.08FU(0.0046)	+	d:Fungi
Zotu37	d:Fungi(1.0000),p:Ascomycota(0.7300),c:Saccharomycetes(0.4599),o:Saccharomycetales(0.2897),f:Metschnikowiaceae(0.1796),g:Metschnikowia(0.1114),s:Metschnikowia_borealis_SH3313675.08FU(0.0223)	+	d:Fungi
Zotu38	d:Fungi(1.0000),p:Ascomycota(0.7000),c:Saccharomycetes(0.2730),o:Saccharomycetales(0.1065),f:Metschnikowiaceae(0.0383),g:Metschnikowia(0.0138)	+	d:Fungi
Zotu39	d:Fungi(1.0000),p:Ascomycota(0.6300),c:Saccharomycetes(0.1449),o:Saccharomycetales(0.0333),f:Metschnikowiaceae(0.0077),g:Metschnikowia(0.0018)	+	d:Fungi
Zotu40	d:Fungi(1.0000),p:Ascomycota(0.7200),c:Saccharomycetes(0.2592),o:Saccharomycetales(0.0933),f:Metschnikowiaceae(0.0308),g:Metschnikowia(0.0102),s:Metschnikowia_lochheadii_SH3313669.08FU(0.0012)	+	d:Fungi
Zotu41	d:Fungi(1.0000),p:Ascomycota(0.6900),c:Xylonomycetes(0.1035),o:Symbiotaphrinales(0.0155),f:Symbiotaphrinaceae(0.0023),g:Symbiotaphrina(0.0003),s:Symbiotaphrina_buchneri_SH1641879.08FU(0.0001)	+	d:Fungi
Zotu42	d:Fungi(1.0000),p:Basidiomycota(0.3400),c:Ustilaginomycetes(0.0442),o:Ustilaginales(0.0057),f:Ustilaginaceae(0.0007),g:Pseudozyma(0.0001)	+	d:Fungi
Zotu43	d:Fungi(1.0000),p:Ascomycota(0.6600),c:Leotiomycetes(0.1056),o:Helotiales(0.0169),f:Myxotrichaceae(0.0027),g:Oidiodendron(0.0004)	+	d:Fungi
Zotu44	d:Fungi(1.0000),p:Ascomycota(0.5800),c:Saccharomycetes(0.2610),o:Saccharomycetales(0.1175),f:Metschnikowiaceae(0.0517),g:Metschnikowia(0.0227),s:Metschnikowia_borealis_SH3313675.08FU(0.0020)	+	d:Fungi
Zotu45	d:Fungi(1.0000),p:Ascomycota(0.5900),c:Saccharomycetes(0.1947),o:Saccharomycetales(0.0643),f:Metschnikowiaceae(0.0199),g:Metschnikowia(0.0062)	+	d:Fungi
Zotu46	d:Fungi(1.0000),p:Ascomycota(0.6100),c:Saccharomycetes(0.1769),o:Saccharomycetales(0.0513),f:Metschnikowiaceae(0.0139),g:Metschnikowia(0.0037),s:Metschnikowia_cerradonensis_SH3227875.08FU(0.0004)	+	d:Fungi
Zotu47	d:Fungi(1.0000),p:Ascomycota(0.6500),c:Saccharomycetes(0.2080),o:Saccharomycetales(0.0666),f:Metschnikowiaceae(0.0193),g:Metschnikowia(0.0056)	+	d:Fungi
Zotu48	d:Fungi(1.0000),p:Ascomycota(0.7400),c:Leotiomycetes(0.0814),o:Helotiales(0.0090),f:Myxotrichaceae(0.0010),g:Oidiodendron(0.0001)	+	d:Fungi
Zotu49	d:Fungi(1.0000),p:Ascomycota(0.8000),c:Saccharomycetes(0.5440),o:Saccharomycetales(0.3699),f:Metschnikowiaceae(0.2330),g:Metschnikowia(0.1468)	+	d:Fungi,p:Ascomycota
Zotu50	d:Fungi(1.0000),p:Ascomycota(0.6100),c:Xylonomycetes(0.0671),o:Symbiotaphrinales(0.0074),f:Symbiotaphrinaceae(0.0008),g:Symbiotaphrina(0.0001),s:Symbiotaphrina_buchneri_SH1641879.08FU(0.0000)	+	d:Fungi
Zotu51	d:Fungi(1.0000),p:Ascomycota(0.5900),c:Saccharomycetes(0.1534),o:Saccharomycetales(0.0399),f:Metschnikowiaceae(0.0096),g:Metschnikowia(0.0023)	+	d:Fungi
Zotu52	d:Fungi(1.0000),p:Ascomycota(0.7200),c:Saccharomycetes(0.2376),o:Saccharomycetales(0.0784),f:Metschnikowiaceae(0.0227),g:Metschnikowia(0.0066)	+	d:Fungi
Zotu53	d:Fungi(1.0000),p:Ascomycota(0.6900),c:Saccharomycetes(0.2484),o:Saccharomycetales(0.0894),f:Metschnikowiaceae(0.0322),g:Metschnikowia(0.0116)	+	d:Fungi
Zotu54	d:Fungi(1.0000),p:Ascomycota(0.6100),c:Leotiomycetes(0.0732),o:Helotiales(0.0088),f:Myxotrichaceae(0.0008),g:Oidiodendron(0.0001)	+	d:Fungi
Zotu55	d:Fungi(1.0000),p:Ascomycota(0.6900),c:Leotiomycetes(0.0966),o:Helotiales(0.0135),f:Myxotrichaceae(0.0014),g:Oidiodendron(0.0001)	+	d:Fungi
Zotu56	d:Fungi(1.0000),p:Ascomycota(0.6100),c:Leotiomycetes(0.0793),o:Helotiales(0.0103),f:Myxotrichaceae(0.0013),g:Oidiodendron(0.0002)	+	d:Fungi
Zotu57	d:Fungi(1.0000),p:Ascomycota(0.7700),c:Saccharomycetes(0.2541),o:Saccharomycetales(0.0839),f:Metschnikowiaceae(0.0243),g:Metschnikowia(0.0071)	+	d:Fungi
Zotu58	d:Fungi(1.0000),p:Ascomycota(0.6600),c:Xylonomycetes(0.0660),o:Symbiotaphrinales(0.0066),f:Symbiotaphrinaceae(0.0007),g:Symbiotaphrina(0.0001),s:Symbiotaphrina_buchneri_SH1641879.08FU(0.0000)	+	d:Fungi
Zotu59	d:Fungi(1.0000),p:Ascomycota(0.6300),c:Leotiomycetes(0.0882),o:Helotiales(0.0123),f:Myxotrichaceae(0.0015),g:Oidiodendron(0.0002)	+	d:Fungi
Zotu60	d:Fungi(1.0000),p:Ascomycota(0.8000),c:Xylonomycetes(0.1440),o:Symbiotaphrinales(0.0259),f:Symbiotaphrinaceae(0.0047),g:Symbiotaphrina(0.0008),s:Symbiotaphrina_buchneri_SH1641879.08FU(0.0002)	+	d:Fungi,p:Ascomycota
Zotu61	d:Fungi(1.0000),p:Ascomycota(0.6500),c:Leotiomycetes(0.0975),o:Helotiales(0.0146),f:Myxotrichaceae(0.0022),g:Oidiodendron(0.0003)	+	d:Fungi
Zotu62	d:Fungi(1.0000),p:Ascomycota(0.6300),c:Saccharomycetes(0.1386),o:Saccharomycetales(0.0305),f:Metschnikowiaceae(0.0061),g:Metschnikowia(0.0012)	+	d:Fungi
Zotu63	d:Fungi(1.0000),p:Ascomycota(0.6900),c:Saccharomycetes(0.1794),o:Saccharomycetales(0.0466),f:Metschnikowiaceae(0.0107),g:Metschnikowia(0.0025),s:Metschnikowia_lochheadii_SH3313669.08FU(0.0002)	+	d:Fungi
Zotu64	d:Fungi(1.0000),p:Ascomycota(0.6700),c:Xylonomycetes(0.0938),o:Symbiotaphrinales(0.0131),f:Symbiotaphrinaceae(0.0018),g:Symbiotaphrina(0.0003),s:Symbiotaphrina_buchneri_SH1641879.08FU(0.0000)	+	d:Fungi
Zotu65	d:Fungi(1.0000),p:Ascomycota(0.6400),c:Xylonomycetes(0.1024),o:Symbiotaphrinales(0.0164),f:Symbiotaphrinaceae(0.0026),g:Symbiotaphrina(0.0004),s:Symbiotaphrina_buchneri_SH1641879.08FU(0.0001)	+	d:Fungi
Zotu66	d:Fungi(1.0000),p:Ascomycota(0.6900),c:Xylonomycetes(0.0897),o:Symbiotaphrinales(0.0117),f:Symbiotaphrinaceae(0.0015),g:Symbiotaphrina(0.0002),s:Symbiotaphrina_buchneri_SH1641879.08FU(0.0000)	+	d:Fungi
Zotu67	d:Fungi(1.0000),p:Ascomycota(0.5600),c:Leotiomycetes(0.0840),o:Helotiales(0.0126),f:Myxotrichaceae(0.0015),g:Oidiodendron(0.0002)	+	d:Fungi
Zotu68	d:Fungi(1.0000),p:Ascomycota(0.7100),c:Saccharomycetes(0.2840),o:Saccharomycetales(0.1136),f:Metschnikowiaceae(0.0420),g:Metschnikowia(0.0156)	+	d:Fungi
Zotu69	d:Fungi(1.0000),p:Ascomycota(0.7300),c:Saccharomycetes(0.2920),o:Saccharomycetales(0.1168),f:Metschnikowiaceae(0.0444),g:Metschnikowia(0.0169)	+	d:Fungi
Zotu70	d:Fungi(1.0000),p:Basidiomycota(0.2300),c:Ustilaginomycetes(0.0184),o:Ustilaginales(0.0015),f:Ustilaginaceae(0.0001),g:Pseudozyma(0.0000)	+	d:Fungi
Zotu71	d:Fungi(1.0000),p:Ascomycota(0.7900),c:Leotiomycetes(0.1580),o:Helotiales(0.0316),f:Myxotrichaceae(0.0057),g:Oidiodendron(0.0010)	+	d:Fungi
Zotu72	d:Fungi(1.0000),p:Ascomycota(0.6300),c:Saccharomycetes(0.2142),o:Saccharomycetales(0.0728),f:Metschnikowiaceae(0.0226),g:Metschnikowia(0.0070)	+	d:Fungi
Zotu73	d:Fungi(1.0000),p:Ascomycota(0.7200),c:Xylonomycetes(0.1080),o:Symbiotaphrinales(0.0162),f:Symbiotaphrinaceae(0.0024),g:Symbiotaphrina(0.0004),s:Symbiotaphrina_buchneri_SH1641879.08FU(0.0001)	+	d:Fungi
Zotu74	d:Fungi(1.0000),p:Ascomycota(0.7100),c:Saccharomycetes(0.2840),o:Saccharomycetales(0.1136),f:Metschnikowiaceae(0.0409),g:Metschnikowia(0.0147),s:Metschnikowia_lochheadii_SH3313669.08FU(0.0018)	+	d:Fungi
Zotu75	d:Fungi(1.0000),p:Ascomycota(0.8000),c:Saccharomycetes(0.5680),o:Saccharomycetales(0.4033),f:Metschnikowiaceae(0.2742),g:Metschnikowia(0.1865),s:Metschnikowia_borealis_SH3313675.08FU(0.0410)	+	d:Fungi,p:Ascomycota
Zotu76	d:Fungi(1.0000),p:Ascomycota(0.6400),c:Xylonomycetes(0.0832),o:Symbiotaphrinales(0.0108),f:Symbiotaphrinaceae(0.0014),g:Symbiotaphrina(0.0002),s:Symbiotaphrina_buchneri_SH1641879.08FU(0.0000)	+	d:Fungi
Zotu77	d:Fungi(1.0000),p:Ascomycota(0.8200),c:Leotiomycetes(0.1394),o:Helotiales(0.0237),f:Myxotrichaceae(0.0040),g:Oidiodendron(0.0007)	+	d:Fungi,p:Ascomycota
Zotu78	d:Fungi(1.0000),p:Ascomycota(0.8100),c:Xylonomycetes(0.2025),o:Symbiotaphrinales(0.0506),f:Symbiotaphrinaceae(0.0127),g:Symbiotaphrina(0.0032),s:Symbiotaphrina_buchneri_SH1641879.08FU(0.0008)	+	d:Fungi,p:Ascomycota
Zotu79	d:Fungi(1.0000),p:Ascomycota(0.6200),c:Xylonomycetes(0.0682),o:Symbiotaphrinales(0.0075),f:Symbiotaphrinaceae(0.0008),g:Symbiotaphrina(0.0001),s:Symbiotaphrina_buchneri_SH1641879.08FU(0.0000)	+	d:Fungi
Zotu80	d:Fungi(1.0000),p:Ascomycota(0.6500),c:Saccharomycetes(0.2210),o:Saccharomycetales(0.0751),f:Metschnikowiaceae(0.0218),g:Metschnikowia(0.0063)	+	d:Fungi
Zotu81	d:Fungi(1.0000),p:Ascomycota(0.6700),c:Saccharomycetes(0.2345),o:Saccharomycetales(0.0821),f:Metschnikowiaceae(0.0263),g:Metschnikowia(0.0084)	+	d:Fungi
Zotu82	d:Fungi(1.0000),p:Basidiomycota(0.3000),c:Ustilaginomycetes(0.0360),o:Ustilaginales(0.0043),f:Ustilaginaceae(0.0005),g:Pseudozyma(0.0001)	+	d:Fungi
Zotu83	d:Fungi(1.0000),p:Basidiomycota(0.3100),c:Ustilaginomycetes(0.0310),o:Ustilaginales(0.0031),f:Ustilaginaceae(0.0003),g:Pseudozyma(0.0000)	+	d:Fungi
Zotu84	d:Fungi(1.0000),p:Ascomycota(0.7400),c:Leotiomycetes(0.0888),o:Helotiales(0.0107),f:Myxotrichaceae(0.0013),g:Oidiodendron(0.0002)	+	d:Fungi
Zotu85	d:Fungi(1.0000),p:Ascomycota(0.6400),c:Saccharomycetes(0.2048),o:Saccharomycetales(0.0655),f:Metschnikowiaceae(0.0203),g:Metschnikowia(0.0063)	+	d:Fungi
Zotu86	d:Fungi(1.0000),p:Ascomycota(0.6900),c:Saccharomycetes(0.3036),o:Saccharomycetales(0.1336),f:Metschnikowiaceae(0.0574),g:Metschnikowia(0.0247)	+	d:Fungi
Zotu87	d:Fungi(1.0000),p:Ascomycota(0.5400),c:Leotiomycetes(0.0702),o:Helotiales(0.0077),f:Myxotrichaceae(0.0006),g:Oidiodendron(0.0000)	+	d:Fungi
Zotu88	d:Fungi(1.0000),p:Ascomycota(0.6900),c:Saccharomycetes(0.2967),o:Saccharomycetales(0.1276),f:Metschnikowiaceae(0.0523),g:Metschnikowia(0.0214)	+	d:Fungi
Zotu89	d:Fungi(1.0000),p:Ascomycota(0.7100),c:Saccharomycetes(0.3408),o:Saccharomycetales(0.1636),f:Metschnikowiaceae(0.0736),g:Metschnikowia(0.0331),s:Metschnikowia_lochheadii_SH3313669.08FU(0.0043)	+	d:Fungi
Zotu90	d:Fungi(1.0000),p:Ascomycota(0.6500),c:Saccharomycetes(0.2275),o:Saccharomycetales(0.0796),f:Metschnikowiaceae(0.0263),g:Metschnikowia(0.0087)	+	d:Fungi
Zotu91	d:Fungi(1.0000),p:Ascomycota(0.6900),c:Saccharomycetes(0.2691),o:Saccharomycetales(0.1049),f:Metschnikowiaceae(0.0399),g:Metschnikowia(0.0152),s:Metschnikowia_lochheadii_SH3313669.08FU(0.0026)	+	d:Fungi
Zotu92	d:Fungi(1.0000),p:Ascomycota(0.6700),c:Leotiomycetes(0.0938),o:Helotiales(0.0122),f:Myxotrichaceae(0.0016),g:Oidiodendron(0.0002)	+	d:Fungi
Zotu93	d:Fungi(1.0000),p:Ascomycota(0.6300),c:Leotiomycetes(0.0882),o:Helotiales(0.0123),f:Myxotrichaceae(0.0017),g:Oidiodendron(0.0002)	+	d:Fungi
Zotu94	d:Fungi(1.0000),p:Ascomycota(0.6400),c:Leotiomycetes(0.0896),o:Helotiales(0.0125),f:Myxotrichaceae(0.0018),g:Oidiodendron(0.0002)	+	d:Fungi
Zotu95	d:Fungi(1.0000),p:Ascomycota(0.6900),c:Saccharomycetes(0.3105),o:Saccharomycetales(0.1397),f:Metschnikowiaceae(0.0615),g:Metschnikowia(0.0271)	+	d:Fungi
Zotu96	d:Fungi(1.0000),p:Ascomycota(0.8000),c:Saccharomycetes(0.5520),o:Saccharomycetales(0.3809),f:Metschnikowiaceae(0.2514),g:Metschnikowia(0.1659),s:Metschnikowia_borealis_SH3313675.08FU(0.0382)	+	d:Fungi,p:Ascomycota
Zotu97	d:Fungi(1.0000),p:Ascomycota(0.7700),c:Xylonomycetes(0.0770),o:Symbiotaphrinales(0.0077),f:Symbiotaphrinaceae(0.0008),g:Symbiotaphrina(0.0001),s:Symbiotaphrina_buchneri_SH1641879.08FU(0.0000)	+	d:Fungi
Zotu98	d:Fungi(1.0000),p:Ascomycota(0.8100),c:Xylonomycetes(0.2511),o:Symbiotaphrinales(0.0778),f:Symbiotaphrinaceae(0.0241),g:Symbiotaphrina(0.0075),s:Symbiotaphrina_buchneri_SH1641879.08FU(0.0023)	+	d:Fungi,p:Ascomycota
Zotu99	d:Fungi(1.0000),p:Ascomycota(0.7200),c:Xylonomycetes(0.1368),o:Symbiotaphrinales(0.0260),f:Symbiotaphrinaceae(0.0049),g:Symbiotaphrina(0.0009),s:Symbiotaphrina_buchneri_SH1641879.08FU(0.0002)	+	d:Fungi
Zotu100	d:Fungi(1.0000),p:Ascomycota(0.5800),c:Saccharomycetes(0.0928),o:Saccharomycetales(0.0148),f:Metschnikowiaceae(0.0021),g:Metschnikowia(0.0003)	+	d:Fungi
Zotu101	d:Fungi(1.0000),p:Ascomycota(0.6700),c:Leotiomycetes(0.0871),o:Helotiales(0.0113),f:Myxotrichaceae(0.0014),g:Oidiodendron(0.0002)	+	d:Fungi
Zotu102	d:Fungi(1.0000),p:Ascomycota(0.7400),c:Xylonomycetes(0.0962),o:Symbiotaphrinales(0.0125),f:Symbiotaphrinaceae(0.0016),g:Symbiotaphrina(0.0002),s:Symbiotaphrina_buchneri_SH1641879.08FU(0.0000)	+	d:Fungi
Zotu103	d:Fungi(1.0000),p:Ascomycota(0.6500),c:Leotiomycetes(0.0845),o:Helotiales(0.0110),f:Myxotrichaceae(0.0013),g:Oidiodendron(0.0002)	+	d:Fungi
Zotu104	d:Fungi(1.0000),p:Ascomycota(0.6100),c:Xylonomycetes(0.0671),o:Symbiotaphrinales(0.0074),f:Symbiotaphrinaceae(0.0008),g:Symbiotaphrina(0.0001),s:Symbiotaphrina_buchneri_SH1641879.08FU(0.0000)	-	d:Fungi
Zotu105	d:Fungi(1.0000),p:Ascomycota(0.5500),c:Saccharomycetes(0.0990),o:Saccharomycetales(0.0178),f:Metschnikowiaceae(0.0029),g:Metschnikowia(0.0005)	+	d:Fungi
Zotu106	d:Fungi(1.0000),p:Ascomycota(0.5600),c:Leotiomycetes(0.0728),o:Helotiales(0.0095),f:Myxotrichaceae(0.0011),g:Oidiodendron(0.0001)	+	d:Fungi
Zotu107	d:Fungi(1.0000),p:Ascomycota(0.6700),c:Leotiomycetes(0.1407),o:Helotiales(0.0281),f:Myxotrichaceae(0.0056),g:Oidiodendron(0.0011)	+	d:Fungi
Zotu108	d:Fungi(1.0000),p:Ascomycota(0.7000),c:Saccharomycetes(0.2030),o:Saccharomycetales(0.0589),f:Metschnikowiaceae(0.0165),g:Metschnikowia(0.0046)	+	d:Fungi
Zotu109	d:Fungi(1.0000),p:Ascomycota(0.7000),c:Leotiomycetes(0.0910),o:Helotiales(0.0118),f:Myxotrichaceae(0.0014),g:Oidiodendron(0.0002)	+	d:Fungi
Zotu110	d:Fungi(1.0000),p:Ascomycota(0.6200),c:Xylonomycetes(0.0868),o:Symbiotaphrinales(0.0122),f:Symbiotaphrinaceae(0.0017),g:Symbiotaphrina(0.0002),s:Symbiotaphrina_buchneri_SH1641879.08FU(0.0000)	+	d:Fungi
Zotu111	d:Fungi(1.0000),p:Ascomycota(0.5500),c:Leotiomycetes(0.0550),o:Helotiales(0.0055),f:Myxotrichaceae(0.0005),g:Oidiodendron(0.0000)	+	d:Fungi
Zotu112	d:Fungi(1.0000),p:Ascomycota(0.6200),c:Leotiomycetes(0.0806),o:Helotiales(0.0097),f:Myxotrichaceae(0.0011),g:Oidiodendron(0.0001)	+	d:Fungi
Zotu113	d:Fungi(1.0000),p:Ascomycota(0.7900),c:Saccharomycetes(0.4582),o:Saccharomycetales(0.2658),f:Metschnikowiaceae(0.1541),g:Metschnikowia(0.0894),s:Metschnikowia_borealis_SH3313675.08FU(0.0170)	+	d:Fungi
Zotu114	d:Fungi(1.0000),p:Ascomycota(0.8100),c:Saccharomycetes(0.3807),o:Saccharomycetales(0.1789),f:Metschnikowiaceae(0.0841),g:Metschnikowia(0.0395)	+	d:Fungi,p:Ascomycota
Zotu115	d:Fungi(1.0000),p:Ascomycota(0.6300),c:Saccharomycetes(0.1953),o:Saccharomycetales(0.0605),f:Metschnikowiaceae(0.0170),g:Metschnikowia(0.0047)	+	d:Fungi
Zotu116	d:Fungi(1.0000),p:Ascomycota(0.7100),c:Xylonomycetes(0.0923),o:Symbiotaphrinales(0.0120),f:Symbiotaphrinaceae(0.0016),g:Symbiotaphrina(0.0002),s:Symbiotaphrina_buchneri_SH1641879.08FU(0.0000)	+	d:Fungi
Zotu117	d:Fungi(1.0000),p:Basidiomycota(0.2900),c:Ustilaginomycetes(0.0348),o:Ustilaginales(0.0042),f:Ustilaginaceae(0.0005),g:Pseudozyma(0.0001)	+	d:Fungi
Zotu118	d:Fungi(1.0000),p:Ascomycota(0.7000),c:Leotiomycetes(0.1120),o:Helotiales(0.0179),f:Myxotrichaceae(0.0027),g:Oidiodendron(0.0004)	+	d:Fungi
Zotu119	d:Fungi(1.0000),p:Ascomycota(0.6200),c:Leotiomycetes(0.0744),o:Helotiales(0.0089),f:Myxotrichaceae(0.0006),g:Oidiodendron(0.0000)	+	d:Fungi
Zotu120	d:Fungi(1.0000),p:Ascomycota(0.7000),c:Leotiomycetes(0.0980),o:Helotiales(0.0137),f:Myxotrichaceae(0.0018),g:Oidiodendron(0.0002)	+	d:Fungi
Zotu121	d:Fungi(1.0000),p:Ascomycota(0.8200),c:Leotiomycetes(0.1230),o:Helotiales(0.0184),f:Myxotrichaceae(0.0026),g:Oidiodendron(0.0004)	+	d:Fungi,p:Ascomycota
Zotu122	d:Fungi(1.0000),p:Ascomycota(0.6800),c:Leotiomycetes(0.1156),o:Helotiales(0.0197),f:Myxotrichaceae(0.0029),g:Oidiodendron(0.0004)	+	d:Fungi
Zotu123	d:Fungi(1.0000),p:Ascomycota(0.5700),c:Xylonomycetes(0.0684),o:Symbiotaphrinales(0.0082),f:Symbiotaphrinaceae(0.0010),g:Symbiotaphrina(0.0001),s:Symbiotaphrina_buchneri_SH1641879.08FU(0.0000)	+	d:Fungi
Zotu124	d:Fungi(1.0000),p:Ascomycota(0.5600),c:Saccharomycetes(0.1232),o:Saccharomycetales(0.0271),f:Metschnikowiaceae(0.0054),g:Metschnikowia(0.0011)	+	d:Fungi
Zotu125	d:Fungi(1.0000),p:Ascomycota(0.7600),c:Leotiomycetes(0.1140),o:Helotiales(0.0171),f:Myxotrichaceae(0.0024),g:Oidiodendron(0.0003)	+	d:Fungi
Zotu126	d:Fungi(1.0000),p:Ascomycota(0.6300),c:Saccharomycetes(0.1953),o:Saccharomycetales(0.0605),f:Metschnikowiaceae(0.0176),g:Metschnikowia(0.0051)	+	d:Fungi
Zotu127	d:Fungi(1.0000),p:Ascomycota(0.5500),c:Xylonomycetes(0.0770),o:Symbiotaphrinales(0.0108),f:Symbiotaphrinaceae(0.0015),g:Symbiotaphrina(0.0002),s:Symbiotaphrina_buchneri_SH1641879.08FU(0.0000)	+	d:Fungi
Zotu128	d:Fungi(1.0000),p:Ascomycota(0.7800),c:Xylonomycetes(0.1326),o:Symbiotaphrinales(0.0225),f:Symbiotaphrinaceae(0.0038),g:Symbiotaphrina(0.0007),s:Symbiotaphrina_buchneri_SH1641879.08FU(0.0001)	+	d:Fungi
Zotu129	d:Fungi(1.0000),p:Ascomycota(0.5500),c:Leotiomycetes(0.0660),o:Helotiales(0.0079),f:Myxotrichaceae(0.0009),g:Oidiodendron(0.0001)	+	d:Fungi
Zotu130	d:Fungi(1.0000),p:Ascomycota(0.6700),c:Saccharomycetes(0.2412),o:Saccharomycetales(0.0868),f:Metschnikowiaceae(0.0252),g:Metschnikowia(0.0073)	+	d:Fungi
Zotu131	d:Fungi(1.0000),p:Ascomycota(0.6000),c:Leotiomycetes(0.0720),o:Helotiales(0.0086),f:Myxotrichaceae(0.0010),g:Oidiodendron(0.0001)	+	d:Fungi
Zotu132	d:Fungi(1.0000),p:Ascomycota(0.7200),c:Saccharomycetes(0.2880),o:Saccharomycetales(0.1152),f:Metschnikowiaceae(0.0449),g:Metschnikowia(0.0175),s:Metschnikowia_borealis_SH3313675.08FU(0.0030)	+	d:Fungi
Zotu133	d:Fungi(1.0000),p:Ascomycota(0.6300),c:Xylonomycetes(0.1449),o:Symbiotaphrinales(0.0333),f:Symbiotaphrinaceae(0.0077),g:Symbiotaphrina(0.0018),s:Symbiotaphrina_buchneri_SH1641879.08FU(0.0004)	+	d:Fungi
Zotu134	d:Fungi(1.0000),p:Ascomycota(0.6200),c:Saccharomycetes(0.1860),o:Saccharomycetales(0.0558),f:Metschnikowiaceae(0.0145),g:Metschnikowia(0.0038)	+	d:Fungi
Zotu135	d:Fungi(1.0000),p:Ascomycota(0.6200),c:Saccharomycetes(0.2046),o:Saccharomycetales(0.0675),f:Metschnikowiaceae(0.0209),g:Metschnikowia(0.0065),s:Metschnikowia_lochheadii_SH3313669.08FU(0.0008)	+	d:Fungi
Zotu136	d:Fungi(1.0000),p:Ascomycota(0.6400),c:Xylonomycetes(0.0896),o:Symbiotaphrinales(0.0125),f:Symbiotaphrinaceae(0.0018),g:Symbiotaphrina(0.0002),s:Symbiotaphrina_buchneri_SH1641879.08FU(0.0000)	+	d:Fungi
Zotu137	d:Fungi(1.0000),p:Ascomycota(0.6300),c:Xylonomycetes(0.1134),o:Symbiotaphrinales(0.0204),f:Symbiotaphrinaceae(0.0037),g:Symbiotaphrina(0.0007),s:Symbiotaphrina_buchneri_SH1641879.08FU(0.0001)	+	d:Fungi
Zotu138	d:Fungi(1.0000),p:Ascomycota(0.8000),c:Leotiomycetes(0.1200),o:Helotiales(0.0180),f:Myxotrichaceae(0.0027),g:Oidiodendron(0.0004)	+	d:Fungi,p:Ascomycota
Zotu139	d:Fungi(1.0000),p:Ascomycota(0.6000),c:Saccharomycetes(0.2520),o:Saccharomycetales(0.1058),f:Metschnikowiaceae(0.0392),g:Metschnikowia(0.0145),s:Metschnikowia_lochheadii_SH3313669.08FU(0.0019)	+	d:Fungi
Zotu140	d:Fungi(1.0000),p:Ascomycota(0.6600),c:Leotiomycetes(0.1188),o:Helotiales(0.0214),f:Myxotrichaceae(0.0036),g:Oidiodendron(0.0006)	+	d:Fungi
Zotu141	d:Fungi(1.0000),p:Ascomycota(0.5000),c:Leotiomycetes(0.0700),o:Helotiales(0.0098),f:Myxotrichaceae(0.0012),g:Oidiodendron(0.0001)	+	d:Fungi
Zotu142	d:Fungi(1.0000),p:Ascomycota(0.6200),c:Saccharomycetes(0.2046),o:Saccharomycetales(0.0675),f:Metschnikowiaceae(0.0203),g:Metschnikowia(0.0061)	+	d:Fungi
Zotu143	d:Fungi(1.0000),p:Ascomycota(0.7700),c:Xylonomycetes(0.1540),o:Symbiotaphrinales(0.0308),f:Symbiotaphrinaceae(0.0062),g:Symbiotaphrina(0.0012),s:Symbiotaphrina_buchneri_SH1641879.08FU(0.0002)	+	d:Fungi
Zotu144	d:Fungi(1.0000),p:Ascomycota(0.6300),c:Saccharomycetes(0.1827),o:Saccharomycetales(0.0530),f:Metschnikowiaceae(0.0143),g:Metschnikowia(0.0039),s:Metschnikowia_borealis_SH3313675.08FU(0.0004)	+	d:Fungi
Zotu145	d:Fungi(1.0000),p:Ascomycota(0.7300),c:Xylonomycetes(0.1971),o:Symbiotaphrinales(0.0532),f:Symbiotaphrinaceae(0.0144),g:Symbiotaphrina(0.0039),s:Symbiotaphrina_buchneri_SH1641879.08FU(0.0010)	+	d:Fungi
Zotu146	d:Fungi(1.0000),p:Ascomycota(0.7300),c:Saccharomycetes(0.2847),o:Saccharomycetales(0.1110),f:Metschnikowiaceae(0.0422),g:Metschnikowia(0.0160),s:Metschnikowia_borealis_SH3313675.08FU(0.0022)	+	d:Fungi
Zotu147	d:Fungi(1.0000),p:Ascomycota(0.8200),c:Xylonomycetes(0.2706),o:Symbiotaphrinales(0.0893),f:Symbiotaphrinaceae(0.0295),g:Symbiotaphrina(0.0097),s:Symbiotaphrina_buchneri_SH1641879.08FU(0.0032)	+	d:Fungi,p:Ascomycota
Zotu148	d:Fungi(1.0000),p:Ascomycota(0.5600),c:Saccharomycetes(0.1680),o:Saccharomycetales(0.0504),f:Metschnikowiaceae(0.0131),g:Metschnikowia(0.0034)	+	d:Fungi
Zotu149	d:Fungi(1.0000),p:Ascomycota(0.6800),c:Leotiomycetes(0.0884),o:Helotiales(0.0106),f:Myxotrichaceae(0.0012),g:Oidiodendron(0.0001)	+	d:Fungi
Zotu150	d:Fungi(1.0000),p:Ascomycota(0.6400),c:Saccharomycetes(0.1600),o:Saccharomycetales(0.0400),f:Metschnikowiaceae(0.0088),g:Metschnikowia(0.0019)	+	d:Fungi
Zotu151	d:Fungi(1.0000),p:Ascomycota(0.7200),c:Saccharomycetes(0.2016),o:Saccharomycetales(0.0564),f:Metschnikowiaceae(0.0152),g:Metschnikowia(0.0041)	+	d:Fungi
Zotu152	d:Fungi(1.0000),p:Ascomycota(0.7100),c:Xylonomycetes(0.1207),o:Symbiotaphrinales(0.0205),f:Symbiotaphrinaceae(0.0035),g:Symbiotaphrina(0.0006),s:Symbiotaphrina_buchneri_SH1641879.08FU(0.0001)	+	d:Fungi
Zotu153	d:Fungi(1.0000),p:Ascomycota(0.6500),c:Leotiomycetes(0.1040),o:Helotiales(0.0166),f:Myxotrichaceae(0.0027),g:Oidiodendron(0.0004)	+	d:Fungi
Zotu154	d:Fungi(1.0000),p:Ascomycota(0.6900),c:Xylonomycetes(0.0690),o:Symbiotaphrinales(0.0069),f:Symbiotaphrinaceae(0.0007),g:Symbiotaphrina(0.0001),s:Symbiotaphrina_buchneri_SH1641879.08FU(0.0000)	+	d:Fungi
Zotu155	d:Fungi(1.0000),p:Ascomycota(0.7700),c:Xylonomycetes(0.1001),o:Symbiotaphrinales(0.0130),f:Symbiotaphrinaceae(0.0017),g:Symbiotaphrina(0.0002),s:Symbiotaphrina_buchneri_SH1641879.08FU(0.0000)	+	d:Fungi
Zotu156	d:Fungi(1.0000),p:Ascomycota(0.6900),c:Saccharomycetes(0.2622),o:Saccharomycetales(0.0996),f:Metschnikowiaceae(0.0299),g:Metschnikowia(0.0090)	+	d:Fungi
Zotu157	d:Fungi(1.0000),p:Ascomycota(0.6600),c:Saccharomycetes(0.2244),o:Saccharomycetales(0.0763),f:Metschnikowiaceae(0.0237),g:Metschnikowia(0.0073),s:Metschnikowia_lochheadii_SH3313669.08FU(0.0010)	+	d:Fungi
Zotu158	d:Fungi(1.0000),p:Ascomycota(0.7000),c:Xylonomycetes(0.0910),o:Symbiotaphrinales(0.0118),f:Symbiotaphrinaceae(0.0015),g:Symbiotaphrina(0.0002),s:Symbiotaphrina_buchneri_SH1641879.08FU(0.0000)	+	d:Fungi
Zotu159	d:Fungi(1.0000),p:Ascomycota(0.6700),c:Leotiomycetes(0.1206),o:Helotiales(0.0205),f:Myxotrichaceae(0.0033),g:Oidiodendron(0.0005)	+	d:Fungi
Zotu160	d:Fungi(1.0000),p:Ascomycota(0.6700),c:Saccharomycetes(0.2345),o:Saccharomycetales(0.0821),f:Metschnikowiaceae(0.0263),g:Metschnikowia(0.0084),s:Metschnikowia_lochheadii_SH3313669.08FU(0.0011)	+	d:Fungi
Zotu161	d:Fungi(1.0000),p:Ascomycota(0.6800),c:Xylonomycetes(0.0884),o:Symbiotaphrinales(0.0115),f:Symbiotaphrinaceae(0.0015),g:Symbiotaphrina(0.0002),s:Symbiotaphrina_buchneri_SH1641879.08FU(0.0000)	+	d:Fungi
Zotu162	d:Fungi(1.0000),p:Ascomycota(0.6100),c:Leotiomycetes(0.0793),o:Helotiales(0.0103),f:Myxotrichaceae(0.0010),g:Oidiodendron(0.0001)	+	d:Fungi
Zotu163	d:Fungi(1.0000),p:Ascomycota(0.7200),c:Xylonomycetes(0.0720),o:Symbiotaphrinales(0.0072),f:Symbiotaphrinaceae(0.0007),g:Symbiotaphrina(0.0001),s:Symbiotaphrina_buchneri_SH1641879.08FU(0.0000)	+	d:Fungi
Zotu164	d:Fungi(1.0000),p:Basidiomycota(0.2500),c:Ustilaginomycetes(0.0300),o:Ustilaginales(0.0036),f:Ustilaginaceae(0.0004),g:Pseudozyma(0.0001)	+	d:Fungi
Zotu165	d:Fungi(1.0000),p:Ascomycota(0.7500),c:Xylonomycetes(0.1125),o:Symbiotaphrinales(0.0169),f:Symbiotaphrinaceae(0.0025),g:Symbiotaphrina(0.0004),s:Symbiotaphrina_buchneri_SH1641879.08FU(0.0001)	+	d:Fungi
Zotu166	d:Fungi(1.0000),p:Ascomycota(0.6400),c:Saccharomycetes(0.1856),o:Saccharomycetales(0.0538),f:Metschnikowiaceae(0.0145),g:Metschnikowia(0.0039)	+	d:Fungi
Zotu167	d:Fungi(1.0000),p:Ascomycota(0.5100),c:Leotiomycetes(0.0510),o:Helotiales(0.0051),f:Myxotrichaceae(0.0004),g:Oidiodendron(0.0000)	+	d:Fungi
Zotu168	d:Fungi(1.0000),p:Ascomycota(0.5500),c:Xylonomycetes(0.0825),o:Symbiotaphrinales(0.0124),f:Symbiotaphrinaceae(0.0019),g:Symbiotaphrina(0.0003),s:Symbiotaphrina_buchneri_SH1641879.08FU(0.0000)	+	d:Fungi
Zotu169	d:Fungi(1.0000),p:Ascomycota(0.7000),c:Xylonomycetes(0.1050),o:Symbiotaphrinales(0.0158),f:Symbiotaphrinaceae(0.0024),g:Symbiotaphrina(0.0004),s:Symbiotaphrina_buchneri_SH1641879.08FU(0.0001)	+	d:Fungi
Zotu170	d:Fungi(1.0000),p:Ascomycota(0.6700),c:Xylonomycetes(0.1005),o:Symbiotaphrinales(0.0151),f:Symbiotaphrinaceae(0.0023),g:Symbiotaphrina(0.0003),s:Symbiotaphrina_buchneri_SH1641879.08FU(0.0001)	+	d:Fungi
Zotu171	d:Fungi(1.0000),p:Ascomycota(0.6600),c:Saccharomycetes(0.2442),o:Saccharomycetales(0.0904),f:Metschnikowiaceae(0.0316),g:Metschnikowia(0.0111)	+	d:Fungi
Zotu172	d:Fungi(1.0000),p:Ascomycota(0.7700),c:Saccharomycetes(0.2772),o:Saccharomycetales(0.0998),f:Metschnikowiaceae(0.0339),g:Metschnikowia(0.0115),s:Metschnikowia_borealis_SH3313675.08FU(0.0023)	+	d:Fungi
Zotu173	d:Fungi(1.0000),p:Ascomycota(0.6000),c:Leotiomycetes(0.0840),o:Helotiales(0.0118),f:Myxotrichaceae(0.0014),g:Oidiodendron(0.0002)	+	d:Fungi
Zotu174	d:Fungi(1.0000),p:Ascomycota(0.6400),c:Saccharomycetes(0.1664),o:Saccharomycetales(0.0433),f:Metschnikowiaceae(0.0100),g:Metschnikowia(0.0023)	+	d:Fungi
Zotu175	d:Fungi(1.0000),p:Ascomycota(0.5300),c:Leotiomycetes(0.0742),o:Helotiales(0.0096),f:Myxotrichaceae(0.0012),g:Oidiodendron(0.0001)	+	d:Fungi
Zotu176	d:Fungi(1.0000),p:Ascomycota(0.7300),c:Saccharomycetes(0.3431),o:Saccharomycetales(0.1613),f:Metschnikowiaceae(0.0726),g:Metschnikowia(0.0327)	+	d:Fungi
Zotu177	d:Fungi(1.0000),p:Ascomycota(0.5700),c:Saccharomycetes(0.1254),o:Saccharomycetales(0.0276),f:Metschnikowiaceae(0.0047),g:Metschnikowia(0.0008)	+	d:Fungi
Zotu178	d:Fungi(1.0000),p:Ascomycota(0.5500),c:Xylonomycetes(0.0660),o:Symbiotaphrinales(0.0079),f:Symbiotaphrinaceae(0.0010),g:Symbiotaphrina(0.0001),s:Symbiotaphrina_buchneri_SH1641879.08FU(0.0000)	+	d:Fungi
Zotu179	d:Fungi(1.0000),p:Ascomycota(0.5700),c:Saccharomycetes(0.1938),o:Saccharomycetales(0.0659),f:Metschnikowiaceae(0.0198),g:Metschnikowia(0.0059)	+	d:Fungi
Zotu180	d:Fungi(1.0000),p:Ascomycota(0.6200),c:Saccharomycetes(0.1860),o:Saccharomycetales(0.0558),f:Metschnikowiaceae(0.0162),g:Metschnikowia(0.0047),s:Metschnikowia_lochheadii_SH3313669.08FU(0.0007)	+	d:Fungi
Zotu181	d:Fungi(1.0000),p:Ascomycota(0.5900),c:Xylonomycetes(0.0826),o:Symbiotaphrinales(0.0116),f:Symbiotaphrinaceae(0.0016),g:Symbiotaphrina(0.0002),s:Symbiotaphrina_buchneri_SH1641879.08FU(0.0000)	+	d:Fungi
Zotu182	d:Fungi(1.0000),p:Ascomycota(0.8400),c:Saccharomycetes(0.4200),o:Saccharomycetales(0.2100),f:Metschnikowiaceae(0.0987),g:Metschnikowia(0.0464)	+	d:Fungi,p:Ascomycota
Zotu183	d:Fungi(1.0000),p:Ascomycota(0.5800),c:Saccharomycetes(0.1566),o:Saccharomycetales(0.0423),f:Metschnikowiaceae(0.0106),g:Metschnikowia(0.0026)	+	d:Fungi
Zotu184	d:Fungi(1.0000),p:Ascomycota(0.7600),c:Xylonomycetes(0.1140),o:Symbiotaphrinales(0.0171),f:Symbiotaphrinaceae(0.0026),g:Symbiotaphrina(0.0004),s:Symbiotaphrina_buchneri_SH1641879.08FU(0.0001)	+	d:Fungi
Zotu185	d:Fungi(1.0000),p:Ascomycota(0.7100),c:Saccharomycetes(0.3550),o:Saccharomycetales(0.1775),f:Metschnikowiaceae(0.0870),g:Metschnikowia(0.0426),s:Metschnikowia_lochheadii_SH3313669.08FU(0.0055)	+	d:Fungi
Zotu186	d:Fungi(1.0000),p:Ascomycota(0.5700),c:Xylonomycetes(0.1140),o:Symbiotaphrinales(0.0228),f:Symbiotaphrinaceae(0.0046),g:Symbiotaphrina(0.0009),s:Symbiotaphrina_buchneri_SH1641879.08FU(0.0002)	+	d:Fungi
Zotu187	d:Fungi(1.0000),p:Ascomycota(0.6400),c:Leotiomycetes(0.0896),o:Helotiales(0.0125),f:Myxotrichaceae(0.0016),g:Oidiodendron(0.0002)	+	d:Fungi
Zotu188	d:Fungi(1.0000),p:Ascomycota(0.6800),c:Saccharomycetes(0.2788),o:Saccharomycetales(0.1143),f:Metschnikowiaceae(0.0469),g:Metschnikowia(0.0192),s:Metschnikowia_borealis_SH3313675.08FU(0.0048)	+	d:Fungi
Zotu189	d:Fungi(1.0000),p:Ascomycota(0.7400),c:Xylonomycetes(0.1554),o:Symbiotaphrinales(0.0326),f:Symbiotaphrinaceae(0.0069),g:Symbiotaphrina(0.0014),s:Symbiotaphrina_buchneri_SH1641879.08FU(0.0003)	+	d:Fungi
Zotu190	d:Fungi(1.0000),p:Ascomycota(0.7900),c:Xylonomycetes(0.1343),o:Symbiotaphrinales(0.0228),f:Symbiotaphrinaceae(0.0039),g:Symbiotaphrina(0.0007),s:Symbiotaphrina_buchneri_SH1641879.08FU(0.0001)	+	d:Fungi
Zotu191	d:Fungi(1.0000),p:Ascomycota(0.4900),c:Saccharomycetes(0.1029),o:Saccharomycetales(0.0216),f:Metschnikowiaceae(0.0039),g:Metschnikowia(0.0007)	+	d:Fungi
Zotu192	d:Fungi(1.0000),p:Ascomycota(0.6700),c:Saccharomycetes(0.2412),o:Saccharomycetales(0.0868),f:Metschnikowiaceae(0.0295),g:Metschnikowia(0.0100),s:Metschnikowia_lochheadii_SH3313669.08FU(0.0013)	+	d:Fungi
Zotu193	d:Fungi(1.0000),p:Ascomycota(0.7400),c:Saccharomycetes(0.3404),o:Saccharomycetales(0.1566),f:Metschnikowiaceae(0.0705),g:Metschnikowia(0.0317),s:Metschnikowia_lochheadii_SH3313669.08FU(0.0048)	+	d:Fungi
Zotu194	d:Fungi(1.0000),p:Ascomycota(0.6800),c:Saccharomycetes(0.2652),o:Saccharomycetales(0.1034),f:Metschnikowiaceae(0.0362),g:Metschnikowia(0.0127)	+	d:Fungi
Zotu195	d:Fungi(1.0000),p:Ascomycota(0.5400),c:Saccharomycetes(0.1404),o:Saccharomycetales(0.0365),f:Metschnikowiaceae(0.0088),g:Metschnikowia(0.0021)	+	d:Fungi
Zotu196	d:Fungi(1.0000),p:Ascomycota(0.7100),c:Saccharomycetes(0.2840),o:Saccharomycetales(0.1136),f:Metschnikowiaceae(0.0364),g:Metschnikowia(0.0116)	+	d:Fungi
Zotu197	d:Fungi(1.0000),p:Ascomycota(0.6800),c:Leotiomycetes(0.1088),o:Helotiales(0.0174),f:Myxotrichaceae(0.0024),g:Oidiodendron(0.0003)	+	d:Fungi
Zotu198	d:Fungi(1.0000),p:Ascomycota(0.7900),c:Leotiomycetes(0.0948),o:Helotiales(0.0114),f:Myxotrichaceae(0.0011),g:Oidiodendron(0.0001)	+	d:Fungi
Zotu199	d:Fungi(1.0000),p:Ascomycota(0.6800),c:Xylonomycetes(0.1088),o:Symbiotaphrinales(0.0174),f:Symbiotaphrinaceae(0.0028),g:Symbiotaphrina(0.0004),s:Symbiotaphrina_buchneri_SH1641879.08FU(0.0001)	+	d:Fungi
Zotu200	d:Fungi(1.0000),p:Ascomycota(0.5300),c:Saccharomycetes(0.1643),o:Saccharomycetales(0.0493),f:Metschnikowiaceae(0.0128),g:Metschnikowia(0.0033)	+	d:Fungi
Zotu201	d:Fungi(1.0000),p:Ascomycota(0.7400),c:Saccharomycetes(0.3034),o:Saccharomycetales(0.1244),f:Metschnikowiaceae(0.0510),g:Metschnikowia(0.0209)	+	d:Fungi
Zotu202	d:Fungi(1.0000),p:Basidiomycota(0.3400),c:Ustilaginomycetes(0.0408),o:Ustilaginales(0.0049),f:Ustilaginaceae(0.0006),g:Pseudozyma(0.0001)	+	d:Fungi
Zotu203	d:Fungi(1.0000),p:Ascomycota(0.7400),c:Leotiomycetes(0.1110),o:Helotiales(0.0166),f:Myxotrichaceae(0.0025),g:Oidiodendron(0.0004)	+	d:Fungi
Zotu204	d:Fungi(1.0000),p:Ascomycota(0.5800),c:Saccharomycetes(0.1044),o:Saccharomycetales(0.0188),f:Metschnikowiaceae(0.0032),g:Metschnikowia(0.0005),s:Metschnikowia_lochheadii_SH3313669.08FU(0.0000)	+	d:Fungi
Zotu205	d:Fungi(1.0000),p:Ascomycota(0.5800),c:Saccharomycetes(0.1798),o:Saccharomycetales(0.0557),f:Metschnikowiaceae(0.0162),g:Metschnikowia(0.0047)	+	d:Fungi
Zotu206	d:Fungi(1.0000),p:Ascomycota(0.6300),c:Leotiomycetes(0.0756),o:Helotiales(0.0091),f:Myxotrichaceae(0.0010),g:Oidiodendron(0.0001)	+	d:Fungi
Zotu207	d:Fungi(1.0000),p:Ascomycota(0.5700),c:Leotiomycetes(0.0684),o:Helotiales(0.0082),f:Myxotrichaceae(0.0009),g:Oidiodendron(0.0001)	+	d:Fungi
Zotu208	d:Fungi(1.0000),p:Ascomycota(0.7600),c:Xylonomycetes(0.1672),o:Symbiotaphrinales(0.0368),f:Symbiotaphrinaceae(0.0081),g:Symbiotaphrina(0.0018),s:Symbiotaphrina_buchneri_SH1641879.08FU(0.0004)	+	d:Fungi
Zotu209	d:Fungi(1.0000),p:Ascomycota(0.6900),c:Saccharomycetes(0.2277),o:Saccharomycetales(0.0751),f:Metschnikowiaceae(0.0240),g:Metschnikowia(0.0077),s:Metschnikowia_borealis_SH3313675.08FU(0.0010)	+	d:Fungi
Zotu210	d:Fungi(1.0000),p:Ascomycota(0.6000),c:Saccharomycetes(0.2160),o:Saccharomycetales(0.0778),f:Metschnikowiaceae(0.0257),g:Metschnikowia(0.0085),s:Metschnikowia_lochheadii_SH3313669.08FU(0.0009)	+	d:Fungi
Zotu211	d:Fungi(1.0000),p:Ascomycota(0.7400),c:Xylonomycetes(0.1036),o:Symbiotaphrinales(0.0145),f:Symbiotaphrinaceae(0.0020),g:Symbiotaphrina(0.0003),s:Symbiotaphrina_buchneri_SH1641879.08FU(0.0000)	+	d:Fungi
Zotu212	d:Fungi(1.0000),p:Ascomycota(0.7200),c:Saccharomycetes(0.3096),o:Saccharomycetales(0.1331),f:Metschnikowiaceae(0.0519),g:Metschnikowia(0.0197)	+	d:Fungi
Zotu213	d:Fungi(1.0000),p:Ascomycota(0.6700),c:Saccharomycetes(0.2479),o:Saccharomycetales(0.0917),f:Metschnikowiaceae(0.0339),g:Metschnikowia(0.0126)	+	d:Fungi
Zotu214	d:Fungi(1.0000),p:Ascomycota(0.5200),c:Saccharomycetes(0.1508),o:Saccharomycetales(0.0437),f:Metschnikowiaceae(0.0127),g:Metschnikowia(0.0037)	+	d:Fungi
Zotu215	d:Fungi(1.0000),p:Ascomycota(0.7400),c:Saccharomycetes(0.3330),o:Saccharomycetales(0.1499),f:Metschnikowiaceae(0.0659),g:Metschnikowia(0.0290)	+	d:Fungi
Zotu216	d:Fungi(1.0000),p:Ascomycota(0.6200),c:Saccharomycetes(0.2294),o:Saccharomycetales(0.0849),f:Metschnikowiaceae(0.0263),g:Metschnikowia(0.0082)	+	d:Fungi
Zotu217	d:Fungi(1.0000),p:Ascomycota(0.5900),c:Saccharomycetes(0.1593),o:Saccharomycetales(0.0430),f:Metschnikowiaceae(0.0099),g:Metschnikowia(0.0022)	+	d:Fungi
Zotu218	d:Fungi(1.0000),p:Ascomycota(0.6700),c:Xylonomycetes(0.0737),o:Symbiotaphrinales(0.0081),f:Symbiotaphrinaceae(0.0009),g:Symbiotaphrina(0.0001),s:Symbiotaphrina_buchneri_SH1641879.08FU(0.0000)	+	d:Fungi
Zotu219	d:Fungi(1.0000),p:Ascomycota(0.5500),c:Saccharomycetes(0.1320),o:Saccharomycetales(0.0317),f:Metschnikowiaceae(0.0073),g:Metschnikowia(0.0017)	+	d:Fungi
Zotu220	d:Fungi(1.0000),p:Ascomycota(0.6700),c:Saccharomycetes(0.2010),o:Saccharomycetales(0.0603),f:Metschnikowiaceae(0.0169),g:Metschnikowia(0.0047)	+	d:Fungi
Zotu221	d:Fungi(1.0000),p:Ascomycota(0.6200),c:Xylonomycetes(0.0930),o:Symbiotaphrinales(0.0139),f:Symbiotaphrinaceae(0.0021),g:Symbiotaphrina(0.0003),s:Symbiotaphrina_buchneri_SH1641879.08FU(0.0000)	+	d:Fungi
Zotu222	d:Fungi(1.0000),p:Ascomycota(0.5900),c:Leotiomycetes(0.0531),o:Helotiales(0.0048),f:Myxotrichaceae(0.0004),g:Oidiodendron(0.0000)	+	d:Fungi
Zotu223	d:Fungi(1.0000),p:Ascomycota(0.8400),c:Leotiomycetes(0.1176),o:Helotiales(0.0165),f:Myxotrichaceae(0.0023),g:Oidiodendron(0.0003)	+	d:Fungi,p:Ascomycota
Zotu224	d:Fungi(1.0000),p:Ascomycota(0.6800),c:Leotiomycetes(0.1156),o:Helotiales(0.0197),f:Myxotrichaceae(0.0031),g:Oidiodendron(0.0005)	+	d:Fungi
Zotu225	d:Fungi(1.0000),p:Ascomycota(0.6500),c:Xylonomycetes(0.1105),o:Symbiotaphrinales(0.0188),f:Symbiotaphrinaceae(0.0032),g:Symbiotaphrina(0.0005),s:Symbiotaphrina_buchneri_SH1641879.08FU(0.0001)	+	d:Fungi
Zotu226	d:Fungi(1.0000),p:Ascomycota(0.7200),c:Saccharomycetes(0.2664),o:Saccharomycetales(0.0986),f:Metschnikowiaceae(0.0345),g:Metschnikowia(0.0121)	+	d:Fungi
Zotu227	d:Fungi(1.0000),p:Ascomycota(0.5200),c:Xylonomycetes(0.0520),o:Symbiotaphrinales(0.0052),f:Symbiotaphrinaceae(0.0005),g:Symbiotaphrina(0.0001),s:Symbiotaphrina_buchneri_SH1641879.08FU(0.0000)	+	d:Fungi
Zotu228	d:Fungi(1.0000),p:Ascomycota(0.6600),c:Saccharomycetes(0.3168),o:Saccharomycetales(0.1521),f:Metschnikowiaceae(0.0699),g:Metschnikowia(0.0322),s:Metschnikowia_lochheadii_SH3313669.08FU(0.0042)	+	d:Fungi
Zotu229	d:Fungi(1.0000),p:Ascomycota(0.5300),c:Saccharomycetes(0.1484),o:Saccharomycetales(0.0416),f:Metschnikowiaceae(0.0108),g:Metschnikowia(0.0028)	+	d:Fungi
Zotu230	d:Fungi(1.0000),p:Ascomycota(0.7800),c:Leotiomycetes(0.1638),o:Helotiales(0.0344),f:Myxotrichaceae(0.0072),g:Oidiodendron(0.0015)	+	d:Fungi
Zotu231	d:Fungi(1.0000),p:Ascomycota(0.6400),c:Xylonomycetes(0.0896),o:Symbiotaphrinales(0.0125),f:Symbiotaphrinaceae(0.0018),g:Symbiotaphrina(0.0002),s:Symbiotaphrina_buchneri_SH1641879.08FU(0.0000)	+	d:Fungi
Zotu232	d:Fungi(1.0000),p:Ascomycota(0.7000),c:Saccharomycetes(0.2870),o:Saccharomycetales(0.1177),f:Metschnikowiaceae(0.0412),g:Metschnikowia(0.0140)	+	d:Fungi
Zotu233	d:Fungi(1.0000),p:Ascomycota(0.6200),c:Xylonomycetes(0.0868),o:Symbiotaphrinales(0.0122),f:Symbiotaphrinaceae(0.0017),g:Symbiotaphrina(0.0002),s:Symbiotaphrina_buchneri_SH1641879.08FU(0.0000)	+	d:Fungi
Zotu234	d:Fungi(1.0000),p:Ascomycota(0.7000),c:Leotiomycetes(0.1470),o:Helotiales(0.0309),f:Myxotrichaceae(0.0065),g:Oidiodendron(0.0014)	+	d:Fungi
Zotu235	d:Fungi(1.0000),p:Ascomycota(0.6000),c:Leotiomycetes(0.1200),o:Helotiales(0.0228),f:Myxotrichaceae(0.0039),g:Oidiodendron(0.0007)	+	d:Fungi
Zotu236	d:Fungi(1.0000),p:Basidiomycota(0.3100),c:Ustilaginomycetes(0.0248),o:Ustilaginales(0.0020),f:Ustilaginaceae(0.0002),g:Pseudozyma(0.0000)	+	d:Fungi
Zotu237	d:Fungi(1.0000),p:Ascomycota(0.6400),c:Leotiomycetes(0.1088),o:Helotiales(0.0185),f:Myxotrichaceae(0.0030),g:Oidiodendron(0.0005)	+	d:Fungi
Zotu238	d:Fungi(1.0000),p:Ascomycota(0.6100),c:Saccharomycetes(0.1403),o:Saccharomycetales(0.0323),f:Metschnikowiaceae(0.0065),g:Metschnikowia(0.0013),s:Metschnikowia_lochheadii_SH3313669.08FU(0.0001)	+	d:Fungi
Zotu239	d:Fungi(1.0000),p:Ascomycota(0.6200),c:Saccharomycetes(0.3286),o:Saccharomycetales(0.1742),f:Metschnikowiaceae(0.0888),g:Metschnikowia(0.0453)	+	d:Fungi
Zotu240	d:Fungi(1.0000),p:Ascomycota(0.6800),c:Saccharomycetes(0.2652),o:Saccharomycetales(0.1034),f:Metschnikowiaceae(0.0393),g:Metschnikowia(0.0149)	+	d:Fungi
Zotu241	d:Fungi(1.0000),p:Ascomycota(0.6500),c:Xylonomycetes(0.0780),o:Symbiotaphrinales(0.0094),f:Symbiotaphrinaceae(0.0011),g:Symbiotaphrina(0.0001),s:Symbiotaphrina_buchneri_SH1641879.08FU(0.0000)	+	d:Fungi
Zotu242	d:Fungi(1.0000),p:Ascomycota(0.6700),c:Xylonomycetes(0.0938),o:Symbiotaphrinales(0.0131),f:Symbiotaphrinaceae(0.0018),g:Symbiotaphrina(0.0003),s:Symbiotaphrina_buchneri_SH1641879.08FU(0.0000)	+	d:Fungi
Zotu243	d:Fungi(1.0000),p:Ascomycota(0.6500),c:Xylonomycetes(0.0715),o:Symbiotaphrinales(0.0079),f:Symbiotaphrinaceae(0.0009),g:Symbiotaphrina(0.0001),s:Symbiotaphrina_buchneri_SH1641879.08FU(0.0000)	+	d:Fungi
Zotu244	d:Fungi(1.0000),p:Ascomycota(0.7000),c:Leotiomycetes(0.0840),o:Helotiales(0.0092),f:Myxotrichaceae(0.0006),g:Oidiodendron(0.0000)	+	d:Fungi
Zotu245	d:Fungi(1.0000),p:Ascomycota(0.7400),c:Xylonomycetes(0.1036),o:Symbiotaphrinales(0.0145),f:Symbiotaphrinaceae(0.0020),g:Symbiotaphrina(0.0003),s:Symbiotaphrina_buchneri_SH1641879.08FU(0.0000)	+	d:Fungi
Zotu246	d:Fungi(1.0000),p:Ascomycota(0.5400),c:Xylonomycetes(0.0702),o:Symbiotaphrinales(0.0091),f:Symbiotaphrinaceae(0.0012),g:Symbiotaphrina(0.0002),s:Symbiotaphrina_buchneri_SH1641879.08FU(0.0000)	+	d:Fungi
Zotu247	d:Fungi(1.0000),p:Ascomycota(0.7100),c:Saccharomycetes(0.2840),o:Saccharomycetales(0.1136),f:Metschnikowiaceae(0.0420),g:Metschnikowia(0.0156)	+	d:Fungi
Zotu248	d:Fungi(1.0000),p:Ascomycota(0.6000),c:Saccharomycetes(0.1800),o:Saccharomycetales(0.0540),f:Metschnikowiaceae(0.0151),g:Metschnikowia(0.0042)	+	d:Fungi
Zotu249	d:Fungi(1.0000),p:Ascomycota(0.7300),c:Saccharomycetes(0.3650),o:Saccharomycetales(0.1825),f:Metschnikowiaceae(0.0894),g:Metschnikowia(0.0438)	+	d:Fungi
Zotu250	d:Fungi(1.0000),p:Ascomycota(0.7100),c:Saccharomycetes(0.2201),o:Saccharomycetales(0.0682),f:Metschnikowiaceae(0.0177),g:Metschnikowia(0.0046),s:Metschnikowia_lochheadii_SH3313669.08FU(0.0005)	+	d:Fungi
Zotu251	d:Fungi(1.0000),p:Ascomycota(0.5000),c:Saccharomycetes(0.1250),o:Saccharomycetales(0.0312),f:Metschnikowiaceae(0.0072),g:Metschnikowia(0.0017)	+	d:Fungi
Zotu252	d:Fungi(1.0000),p:Ascomycota(0.6200),c:Xylonomycetes(0.0868),o:Symbiotaphrinales(0.0122),f:Symbiotaphrinaceae(0.0017),g:Symbiotaphrina(0.0002),s:Symbiotaphrina_buchneri_SH1641879.08FU(0.0000)	+	d:Fungi
Zotu253	d:Fungi(1.0000),p:Ascomycota(0.6000),c:Leotiomycetes(0.1080),o:Helotiales(0.0194),f:Myxotrichaceae(0.0035),g:Oidiodendron(0.0006)	+	d:Fungi
Zotu254	d:Fungi(1.0000),p:Ascomycota(0.7000),c:Leotiomycetes(0.1330),o:Helotiales(0.0253),f:Myxotrichaceae(0.0040),g:Oidiodendron(0.0006)	+	d:Fungi
Zotu255	d:Fungi(1.0000),p:Ascomycota(0.7000),c:Saccharomycetes(0.2800),o:Saccharomycetales(0.1120),f:Metschnikowiaceae(0.0414),g:Metschnikowia(0.0153)	+	d:Fungi
Zotu256	d:Fungi(1.0000),p:Ascomycota(0.7100),c:Saccharomycetes(0.1917),o:Saccharomycetales(0.0518),f:Metschnikowiaceae(0.0135),g:Metschnikowia(0.0035)	+	d:Fungi
Zotu257	d:Fungi(1.0000),p:Ascomycota(0.6200),c:Xylonomycetes(0.0806),o:Symbiotaphrinales(0.0105),f:Symbiotaphrinaceae(0.0014),g:Symbiotaphrina(0.0002),s:Symbiotaphrina_buchneri_SH1641879.08FU(0.0000)	+	d:Fungi
Zotu258	d:Fungi(1.0000),p:Basidiomycota(0.3400),c:Ustilaginomycetes(0.0510),o:Ustilaginales(0.0077),f:Ustilaginaceae(0.0011),g:Pseudozyma(0.0002)	+	d:Fungi
Zotu259	d:Fungi(1.0000),p:Ascomycota(0.6900),c:Saccharomycetes(0.2622),o:Saccharomycetales(0.0996),f:Metschnikowiaceae(0.0339),g:Metschnikowia(0.0115),s:Metschnikowia_lochheadii_SH3313669.08FU(0.0015)	+	d:Fungi
Zotu260	d:Fungi(1.0000),p:Ascomycota(0.7500),c:Xylonomycetes(0.1200),o:Symbiotaphrinales(0.0192),f:Symbiotaphrinaceae(0.0031),g:Symbiotaphrina(0.0005),s:Symbiotaphrina_buchneri_SH1641879.08FU(0.0001)	+	d:Fungi
Zotu261	d:Fungi(1.0000),p:Ascomycota(0.6000),c:Xylonomycetes(0.0780),o:Symbiotaphrinales(0.0101),f:Symbiotaphrinaceae(0.0013),g:Symbiotaphrina(0.0002),s:Symbiotaphrina_buchneri_SH1641879.08FU(0.0000)	+	d:Fungi
Zotu262	d:Fungi(1.0000),p:Ascomycota(0.5900),c:Saccharomycetes(0.2006),o:Saccharomycetales(0.0682),f:Metschnikowiaceae(0.0225),g:Metschnikowia(0.0074)	+	d:Fungi
Zotu263	d:Fungi(1.0000),p:Ascomycota(0.6200),c:Saccharomycetes(0.1302),o:Saccharomycetales(0.0273),f:Metschnikowiaceae(0.0055),g:Metschnikowia(0.0011)	+	d:Fungi
Zotu264	d:Fungi(1.0000),p:Ascomycota(0.8100),c:Saccharomycetes(0.3888),o:Saccharomycetales(0.1866),f:Metschnikowiaceae(0.0858),g:Metschnikowia(0.0395),s:Metschnikowia_lochheadii_SH3313669.08FU(0.0071)	+	d:Fungi,p:Ascomycota
Zotu265	d:Fungi(1.0000),p:Ascomycota(0.5100),c:Saccharomycetes(0.1734),o:Saccharomycetales(0.0590),f:Metschnikowiaceae(0.0183),g:Metschnikowia(0.0057)	+	d:Fungi
Zotu266	d:Fungi(1.0000),p:Ascomycota(0.7100),c:Xylonomycetes(0.1278),o:Symbiotaphrinales(0.0230),f:Symbiotaphrinaceae(0.0041),g:Symbiotaphrina(0.0007),s:Symbiotaphrina_buchneri_SH1641879.08FU(0.0001)	+	d:Fungi
Zotu267	d:Fungi(1.0000),p:Ascomycota(0.6300),c:Xylonomycetes(0.0630),o:Symbiotaphrinales(0.0063),f:Symbiotaphrinaceae(0.0006),g:Symbiotaphrina(0.0001),s:Symbiotaphrina_buchneri_SH1641879.08FU(0.0000)	-	d:Fungi
Zotu268	d:Fungi(1.0000),p:Ascomycota(0.6200),c:Leotiomycetes(0.0868),o:Helotiales(0.0122),f:Myxotrichaceae(0.0016),g:Oidiodendron(0.0002)	+	d:Fungi
Zotu269	d:Fungi(1.0000),p:Ascomycota(0.5400),c:Saccharomycetes(0.1890),o:Saccharomycetales(0.0662),f:Metschnikowiaceae(0.0205),g:Metschnikowia(0.0064)	+	d:Fungi
Zotu270	d:Fungi(1.0000),p:Ascomycota(0.6800),c:Saccharomycetes(0.2992),o:Saccharomycetales(0.1316),f:Metschnikowiaceae(0.0553),g:Metschnikowia(0.0232),s:Metschnikowia_kamakouana_SH3313676.08FU(0.0039)	+	d:Fungi
Zotu271	d:Fungi(1.0000),p:Ascomycota(0.7000),c:Saccharomycetes(0.2030),o:Saccharomycetales(0.0589),f:Metschnikowiaceae(0.0171),g:Metschnikowia(0.0050)	+	d:Fungi
Zotu272	d:Fungi(1.0000),p:Ascomycota(0.7100),c:Saccharomycetes(0.2556),o:Saccharomycetales(0.0920),f:Metschnikowiaceae(0.0304),g:Metschnikowia(0.0097)	+	d:Fungi
Zotu273	d:Fungi(1.0000),p:Ascomycota(0.6200),c:Leotiomycetes(0.0992),o:Helotiales(0.0159),f:Myxotrichaceae(0.0024),g:Oidiodendron(0.0004)	+	d:Fungi
Zotu274	d:Fungi(1.0000),p:Ascomycota(0.6500),c:Saccharomycetes(0.1885),o:Saccharomycetales(0.0547),f:Metschnikowiaceae(0.0153),g:Metschnikowia(0.0043)	+	d:Fungi
Zotu275	d:Fungi(1.0000),p:Basidiomycota(0.2600),c:Ustilaginomycetes(0.0286),o:Ustilaginales(0.0031),f:Ustilaginaceae(0.0003),g:Pseudozyma(0.0000)	+	d:Fungi
Zotu276	d:Fungi(1.0000),p:Ascomycota(0.7000),c:Saccharomycetes(0.3080),o:Saccharomycetales(0.1355),f:Metschnikowiaceae(0.0556),g:Metschnikowia(0.0228),s:Metschnikowia_lochheadii_SH3313669.08FU(0.0034)	+	d:Fungi
Zotu277	d:Fungi(1.0000),p:Ascomycota(0.6900),c:Xylonomycetes(0.0897),o:Symbiotaphrinales(0.0117),f:Symbiotaphrinaceae(0.0015),g:Symbiotaphrina(0.0002),s:Symbiotaphrina_buchneri_SH1641879.08FU(0.0000)	+	d:Fungi
Zotu278	d:Fungi(1.0000),p:Ascomycota(0.5600),c:Leotiomycetes(0.0672),o:Helotiales(0.0074),f:Myxotrichaceae(0.0008),g:Oidiodendron(0.0001)	+	d:Fungi
Zotu279	d:Fungi(1.0000),p:Ascomycota(0.6900),c:Xylonomycetes(0.1242),o:Symbiotaphrinales(0.0224),f:Symbiotaphrinaceae(0.0040),g:Symbiotaphrina(0.0007),s:Symbiotaphrina_buchneri_SH1641879.08FU(0.0001)	+	d:Fungi
Zotu280	d:Fungi(1.0000),p:Ascomycota(0.6400),c:Leotiomycetes(0.0896),o:Helotiales(0.0125),f:Myxotrichaceae(0.0015),g:Oidiodendron(0.0002)	+	d:Fungi
Zotu281	d:Fungi(1.0000),p:Ascomycota(0.6000),c:Saccharomycetes(0.1920),o:Saccharomycetales(0.0614),f:Metschnikowiaceae(0.0166),g:Metschnikowia(0.0045),s:Metschnikowia_lochheadii_SH3313669.08FU(0.0004)	+	d:Fungi
Zotu282	d:Fungi(1.0000),p:Ascomycota(0.7000),c:Saccharomycetes(0.3220),o:Saccharomycetales(0.1481),f:Metschnikowiaceae(0.0622),g:Metschnikowia(0.0261),s:Metschnikowia_lochheadii_SH3313669.08FU(0.0050)	+	d:Fungi
Zotu283	d:Fungi(1.0000),p:Ascomycota(0.8300),c:Xylonomycetes(0.1079),o:Symbiotaphrinales(0.0140),f:Symbiotaphrinaceae(0.0018),g:Symbiotaphrina(0.0002),s:Symbiotaphrina_buchneri_SH1641879.08FU(0.0000)	+	d:Fungi,p:Ascomycota
Zotu284	d:Fungi(1.0000),p:Ascomycota(0.4700),c:Saccharomycetes(0.1175),o:Saccharomycetales(0.0294),f:Metschnikowiaceae(0.0059),g:Metschnikowia(0.0012)	+	d:Fungi
Zotu285	d:Fungi(1.0000),p:Ascomycota(0.7200),c:Saccharomycetes(0.3600),o:Saccharomycetales(0.1800),f:Metschnikowiaceae(0.0846),g:Metschnikowia(0.0398),s:Metschnikowia_lochheadii_SH3313669.08FU(0.0060)	+	d:Fungi
Zotu286	d:Fungi(1.0000),p:Ascomycota(0.5600),c:Saccharomycetes(0.2184),o:Saccharomycetales(0.0852),f:Metschnikowiaceae(0.0298),g:Metschnikowia(0.0104),s:Metschnikowia_lochheadii_SH3313669.08FU(0.0017)	+	d:Fungi
Zotu287	d:Fungi(1.0000),p:Ascomycota(0.6700),c:Xylonomycetes(0.0938),o:Symbiotaphrinales(0.0122),f:Symbiotaphrinaceae(0.0016),g:Symbiotaphrina(0.0002),s:Symbiotaphrina_buchneri_SH1641879.08FU(0.0000)	+	d:Fungi
Zotu288	d:Fungi(1.0000),p:Ascomycota(0.6500),c:Xylonomycetes(0.0845),o:Symbiotaphrinales(0.0110),f:Symbiotaphrinaceae(0.0014),g:Symbiotaphrina(0.0002),s:Symbiotaphrina_buchneri_SH1641879.08FU(0.0000)	+	d:Fungi
Zotu289	d:Fungi(1.0000),p:Ascomycota(0.7100),c:Xylonomycetes(0.1065),o:Symbiotaphrinales(0.0160),f:Symbiotaphrinaceae(0.0024),g:Symbiotaphrina(0.0004),s:Symbiotaphrina_buchneri_SH1641879.08FU(0.0001)	+	d:Fungi
Zotu290	d:Fungi(1.0000),p:Ascomycota(0.7200),c:Saccharomycetes(0.2664),o:Saccharomycetales(0.0986),f:Metschnikowiaceae(0.0365),g:Metschnikowia(0.0135)	+	d:Fungi
Zotu291	d:Fungi(1.0000),p:Ascomycota(0.6100),c:Leotiomycetes(0.0976),o:Helotiales(0.0156),f:Myxotrichaceae(0.0017),g:Oidiodendron(0.0002)	+	d:Fungi
Zotu292	d:Fungi(1.0000),p:Ascomycota(0.7400),c:Leotiomycetes(0.1332),o:Helotiales(0.0240),f:Myxotrichaceae(0.0034),g:Oidiodendron(0.0005)	+	d:Fungi
Zotu293	d:Fungi(1.0000),p:Ascomycota(0.6600),c:Xylonomycetes(0.0858),o:Symbiotaphrinales(0.0112),f:Symbiotaphrinaceae(0.0015),g:Symbiotaphrina(0.0002),s:Symbiotaphrina_buchneri_SH1641879.08FU(0.0000)	+	d:Fungi
Zotu294	d:Fungi(1.0000),p:Ascomycota(0.5700),c:Saccharomycetes(0.1881),o:Saccharomycetales(0.0621),f:Metschnikowiaceae(0.0186),g:Metschnikowia(0.0056),s:Metschnikowia_lochheadii_SH3313669.08FU(0.0006)	+	d:Fungi
Zotu295	d:Fungi(1.0000),p:Ascomycota(0.6500),c:Saccharomycetes(0.3445),o:Saccharomycetales(0.1826),f:Metschnikowiaceae(0.0949),g:Metschnikowia(0.0494),s:Metschnikowia_lochheadii_SH3313669.08FU(0.0084)	+	d:Fungi
Zotu296	d:Fungi(1.0000),p:Ascomycota(0.5400),c:Xylonomycetes(0.0594),o:Symbiotaphrinales(0.0065),f:Symbiotaphrinaceae(0.0007),g:Symbiotaphrina(0.0001),s:Symbiotaphrina_buchneri_SH1641879.08FU(0.0000)	+	d:Fungi
Zotu297	d:Fungi(1.0000),p:Ascomycota(0.5700),c:Leotiomycetes(0.0627),o:Helotiales(0.0063),f:Myxotrichaceae(0.0006),g:Oidiodendron(0.0001)	+	d:Fungi
Zotu298	d:Fungi(1.0000),p:Ascomycota(0.7900),c:Leotiomycetes(0.1896),o:Helotiales(0.0455),f:Myxotrichaceae(0.0105),g:Oidiodendron(0.0024)	+	d:Fungi
Zotu299	d:Fungi(1.0000),p:Ascomycota(0.6400),c:Saccharomycetes(0.2368),o:Saccharomycetales(0.0876),f:Metschnikowiaceae(0.0315),g:Metschnikowia(0.0114),s:Metschnikowia_lochheadii_SH3313669.08FU(0.0014)	+	d:Fungi
Zotu300	d:Fungi(1.0000),p:Ascomycota(0.5200),c:Saccharomycetes(0.1144),o:Saccharomycetales(0.0252),f:Metschnikowiaceae(0.0043),g:Metschnikowia(0.0007)	+	d:Fungi
Zotu301	d:Fungi(1.0000),p:Chytridiomycota(0.1500)	+	d:Fungi
Zotu302	d:Fungi(1.0000),p:Ascomycota(0.6000),c:Xylonomycetes(0.0720),o:Symbiotaphrinales(0.0086),f:Symbiotaphrinaceae(0.0010),g:Symbiotaphrina(0.0001),s:Symbiotaphrina_buchneri_SH1641879.08FU(0.0000)	+	d:Fungi
Zotu303	d:Fungi(1.0000),p:Ascomycota(0.7400),c:Saccharomycetes(0.3626),o:Saccharomycetales(0.1777),f:Metschnikowiaceae(0.0817),g:Metschnikowia(0.0376)	+	d:Fungi
Zotu304	d:Fungi(1.0000),p:Ascomycota(0.5500),c:Saccharomycetes(0.1760),o:Saccharomycetales(0.0563),f:Metschnikowiaceae(0.0169),g:Metschnikowia(0.0051)	+	d:Fungi
Zotu305	d:Fungi(1.0000),p:Ascomycota(0.6300),c:Saccharomycetes(0.1449),o:Saccharomycetales(0.0333),f:Metschnikowiaceae(0.0070),g:Metschnikowia(0.0015)	+	d:Fungi
Zotu306	d:Fungi(1.0000),p:Ascomycota(0.7000),c:Xylonomycetes(0.0840),o:Symbiotaphrinales(0.0101),f:Symbiotaphrinaceae(0.0012),g:Symbiotaphrina(0.0001),s:Symbiotaphrina_buchneri_SH1641879.08FU(0.0000)	+	d:Fungi
Zotu307	d:Fungi(1.0000),p:Ascomycota(0.6400),c:Leotiomycetes(0.1088),o:Helotiales(0.0185),f:Myxotrichaceae(0.0028),g:Oidiodendron(0.0004)	+	d:Fungi
Zotu308	d:Fungi(1.0000),p:Ascomycota(0.6800),c:Saccharomycetes(0.2176),o:Saccharomycetales(0.0696),f:Metschnikowiaceae(0.0209),g:Metschnikowia(0.0063)	+	d:Fungi
Zotu309	d:Fungi(1.0000),p:Ascomycota(0.6000),c:Leotiomycetes(0.1080),o:Helotiales(0.0184),f:Myxotrichaceae(0.0029),g:Oidiodendron(0.0005)	+	d:Fungi
Zotu310	d:Fungi(1.0000),p:Ascomycota(0.7200),c:Leotiomycetes(0.1656),o:Helotiales(0.0381),f:Myxotrichaceae(0.0080),g:Oidiodendron(0.0017)	+	d:Fungi
Zotu311	d:Fungi(1.0000),p:Ascomycota(0.6800),c:Saccharomycetes(0.2312),o:Saccharomycetales(0.0786),f:Metschnikowiaceae(0.0236),g:Metschnikowia(0.0071)	+	d:Fungi
Zotu312	d:Fungi(1.0000),p:Ascomycota(0.5600),c:Xylonomycetes(0.0616),o:Symbiotaphrinales(0.0068),f:Symbiotaphrinaceae(0.0007),g:Symbiotaphrina(0.0001),s:Symbiotaphrina_buchneri_SH1641879.08FU(0.0000)	+	d:Fungi
Zotu313	d:Fungi(1.0000),p:Ascomycota(0.6900),c:Saccharomycetes(0.1863),o:Saccharomycetales(0.0503),f:Metschnikowiaceae(0.0136),g:Metschnikowia(0.0037)	+	d:Fungi
Zotu314	d:Fungi(1.0000),p:Ascomycota(0.5800),c:Xylonomycetes(0.0696),o:Symbiotaphrinales(0.0084),f:Symbiotaphrinaceae(0.0010),g:Symbiotaphrina(0.0001),s:Symbiotaphrina_buchneri_SH1641879.08FU(0.0000)	+	d:Fungi
Zotu315	d:Fungi(1.0000),p:Ascomycota(0.5800),c:Saccharomycetes(0.2030),o:Saccharomycetales(0.0710),f:Metschnikowiaceae(0.0220),g:Metschnikowia(0.0068)	+	d:Fungi
Zotu316	d:Fungi(1.0000),p:Ascomycota(0.5500),c:Saccharomycetes(0.1210),o:Saccharomycetales(0.0266),f:Metschnikowiaceae(0.0051),g:Metschnikowia(0.0009)	+	d:Fungi
Zotu317	d:Fungi(1.0000),p:Ascomycota(0.6600),c:Xylonomycetes(0.0660),o:Symbiotaphrinales(0.0066),f:Symbiotaphrinaceae(0.0007),g:Symbiotaphrina(0.0001),s:Symbiotaphrina_buchneri_SH1641879.08FU(0.0000)	+	d:Fungi
Zotu318	d:Fungi(1.0000),p:Ascomycota(0.5800),c:Leotiomycetes(0.0638),o:Helotiales(0.0064),f:Myxotrichaceae(0.0006),g:Oidiodendron(0.0001)	+	d:Fungi
Zotu319	d:Fungi(1.0000),p:Ascomycota(0.6000),c:Xylonomycetes(0.1140),o:Symbiotaphrinales(0.0217),f:Symbiotaphrinaceae(0.0041),g:Symbiotaphrina(0.0008),s:Symbiotaphrina_buchneri_SH1641879.08FU(0.0001)	+	d:Fungi
Zotu320	d:Fungi(1.0000),p:Ascomycota(0.7700),c:Xylonomycetes(0.1848),o:Symbiotaphrinales(0.0444),f:Symbiotaphrinaceae(0.0106),g:Symbiotaphrina(0.0026),s:Symbiotaphrina_buchneri_SH1641879.08FU(0.0006)	+	d:Fungi
Zotu321	d:Fungi(1.0000),p:Ascomycota(0.5500),c:Leotiomycetes(0.1210),o:Helotiales(0.0266),f:Myxotrichaceae(0.0053),g:Oidiodendron(0.0011)	+	d:Fungi
Zotu322	d:Fungi(1.0000),p:Ascomycota(0.7100),c:Saccharomycetes(0.1775),o:Saccharomycetales(0.0444),f:Metschnikowiaceae(0.0106),g:Metschnikowia(0.0026),s:Metschnikowia_lochheadii_SH3313669.08FU(0.0002)	+	d:Fungi
Zotu323	d:Fungi(1.0000),p:Basidiomycota(0.3800),c:Cystobasidiomycetes(0.0304),o:Cystobasidiales(0.0024)	+	d:Fungi
Zotu324	d:Fungi(1.0000),p:Ascomycota(0.7200),c:Leotiomycetes(0.1008),o:Helotiales(0.0141),f:Myxotrichaceae(0.0014),g:Oidiodendron(0.0001)	+	d:Fungi
Zotu325	d:Fungi(1.0000),p:Ascomycota(0.7800),c:Saccharomycetes(0.3432),o:Saccharomycetales(0.1510),f:Metschnikowiaceae(0.0544),g:Metschnikowia(0.0196),s:Metschnikowia_lochheadii_SH3313669.08FU(0.0023)	+	d:Fungi
Zotu326	d:Fungi(1.0000),p:Ascomycota(0.6500),c:Leotiomycetes(0.1170),o:Helotiales(0.0211),f:Myxotrichaceae(0.0038),g:Oidiodendron(0.0007)	+	d:Fungi
Zotu327	d:Fungi(1.0000),p:Ascomycota(0.5900),c:Saccharomycetes(0.2065),o:Saccharomycetales(0.0723),f:Metschnikowiaceae(0.0231),g:Metschnikowia(0.0074),s:Metschnikowia_lochheadii_SH3313669.08FU(0.0008)	+	d:Fungi
Zotu328	d:Fungi(1.0000),p:Ascomycota(0.7200),c:Saccharomycetes(0.3672),o:Saccharomycetales(0.1873),f:Metschnikowiaceae(0.0936),g:Metschnikowia(0.0468),s:Metschnikowia_cerradonensis_SH3227875.08FU(0.0066)	+	d:Fungi
Zotu329	d:Fungi(1.0000),p:Ascomycota(0.5800),c:Saccharomycetes(0.2146),o:Saccharomycetales(0.0794),f:Metschnikowiaceae(0.0238),g:Metschnikowia(0.0071)	+	d:Fungi
Zotu330	d:Fungi(1.0000),p:Basidiomycota(0.2900),c:Ustilaginomycetes(0.0290),o:Ustilaginales(0.0029),f:Ustilaginaceae(0.0003),g:Pseudozyma(0.0000)	+	d:Fungi
Zotu331	d:Fungi(1.0000),p:Ascomycota(0.6300),c:Saccharomycetes(0.2331),o:Saccharomycetales(0.0862),f:Metschnikowiaceae(0.0285),g:Metschnikowia(0.0094),s:Metschnikowia_lochheadii_SH3313669.08FU(0.0015)	+	d:Fungi
Zotu332	d:Fungi(1.0000),p:Ascomycota(0.6600),c:Leotiomycetes(0.1122),o:Helotiales(0.0180),f:Myxotrichaceae(0.0025),g:Oidiodendron(0.0004)	+	d:Fungi
Zotu333	d:Fungi(1.0000),p:Ascomycota(0.7000),c:Saccharomycetes(0.2310),o:Saccharomycetales(0.0762),f:Metschnikowiaceae(0.0252),g:Metschnikowia(0.0083),s:Metschnikowia_cerradonensis_SH3227875.08FU(0.0011)	+	d:Fungi
Zotu334	d:Fungi(1.0000),p:Basidiomycota(0.3000),c:Ustilaginomycetes(0.0510),o:Ustilaginales(0.0087),f:Ustilaginaceae(0.0015),g:Pseudozyma(0.0003)	+	d:Fungi
Zotu335	d:Fungi(1.0000),p:Ascomycota(0.6700),c:Saccharomycetes(0.3082),o:Saccharomycetales(0.1418),f:Metschnikowiaceae(0.0638),g:Metschnikowia(0.0287),s:Metschnikowia_lochheadii_SH3313669.08FU(0.0040)	+	d:Fungi
Zotu336	d:Fungi(1.0000),p:Ascomycota(0.7800),c:Xylonomycetes(0.1326),o:Symbiotaphrinales(0.0225),f:Symbiotaphrinaceae(0.0038),g:Symbiotaphrina(0.0007),s:Symbiotaphrina_buchneri_SH1641879.08FU(0.0001)	+	d:Fungi
Zotu337	d:Fungi(1.0000),p:Ascomycota(0.7300),c:Saccharomycetes(0.3285),o:Saccharomycetales(0.1478),f:Metschnikowiaceae(0.0562),g:Metschnikowia(0.0213)	+	d:Fungi
Zotu338	d:Fungi(1.0000),p:Ascomycota(0.6400),c:Saccharomycetes(0.2496),o:Saccharomycetales(0.0973),f:Metschnikowiaceae(0.0370),g:Metschnikowia(0.0141)	+	d:Fungi
Zotu339	d:Fungi(1.0000),p:Ascomycota(0.6300),c:Xylonomycetes(0.0504),o:Symbiotaphrinales(0.0040),f:Symbiotaphrinaceae(0.0003),g:Symbiotaphrina(0.0000),s:Symbiotaphrina_buchneri_SH1641879.08FU(0.0000)	+	d:Fungi
Zotu340	d:Fungi(1.0000),p:Ascomycota(0.5600),c:Saccharomycetes(0.2128),o:Saccharomycetales(0.0809),f:Metschnikowiaceae(0.0291),g:Metschnikowia(0.0105)	+	d:Fungi
Zotu341	d:Fungi(1.0000),p:Ascomycota(0.6800),c:Xylonomycetes(0.1156),o:Symbiotaphrinales(0.0197),f:Symbiotaphrinaceae(0.0033),g:Symbiotaphrina(0.0006),s:Symbiotaphrina_buchneri_SH1641879.08FU(0.0001)	+	d:Fungi
Zotu342	d:Fungi(1.0000),p:Ascomycota(0.5900),c:Xylonomycetes(0.1003),o:Symbiotaphrinales(0.0171),f:Symbiotaphrinaceae(0.0029),g:Symbiotaphrina(0.0005),s:Symbiotaphrina_buchneri_SH1641879.08FU(0.0001)	+	d:Fungi
Zotu343	d:Fungi(1.0000),p:Ascomycota(0.6200),c:Xylonomycetes(0.0620),o:Symbiotaphrinales(0.0062),f:Symbiotaphrinaceae(0.0006),g:Symbiotaphrina(0.0001),s:Symbiotaphrina_buchneri_SH1641879.08FU(0.0000)	+	d:Fungi
Zotu344	d:Fungi(1.0000),p:Basidiomycota(0.2600),c:Ustilaginomycetes(0.0286),o:Ustilaginales(0.0031),f:Ustilaginaceae(0.0003),g:Pseudozyma(0.0000)	+	d:Fungi
Zotu345	d:Fungi(1.0000),p:Basidiomycota(0.4300),c:Ustilaginomycetes(0.0516),o:Ustilaginales(0.0062),f:Ustilaginaceae(0.0007),g:Pseudozyma(0.0001)	+	d:Fungi
Zotu346	d:Fungi(1.0000),p:Basidiomycota(0.2900),c:Ustilaginomycetes(0.0406),o:Ustilaginales(0.0057),f:Ustilaginaceae(0.0008),g:Pseudozyma(0.0001)	+	d:Fungi
Zotu347	d:Fungi(1.0000),p:Ascomycota(0.6400),c:Saccharomycetes(0.1920),o:Saccharomycetales(0.0576),f:Metschnikowiaceae(0.0173),g:Metschnikowia(0.0052)	+	d:Fungi
Zotu348	d:Fungi(1.0000),p:Ascomycota(0.5000),c:Saccharomycetes(0.1150),o:Saccharomycetales(0.0265),f:Metschnikowiaceae(0.0045),g:Metschnikowia(0.0008),s:Metschnikowia_lochheadii_SH3313669.08FU(0.0001)	+	d:Fungi
Zotu349	d:Fungi(1.0000),p:Ascomycota(0.6700),c:Xylonomycetes(0.1005),o:Symbiotaphrinales(0.0151),f:Symbiotaphrinaceae(0.0023),g:Symbiotaphrina(0.0003),s:Symbiotaphrina_buchneri_SH1641879.08FU(0.0001)	+	d:Fungi
Zotu350	d:Fungi(1.0000),p:Ascomycota(0.6600),c:Saccharomycetes(0.2442),o:Saccharomycetales(0.0904),f:Metschnikowiaceae(0.0289),g:Metschnikowia(0.0093),s:Metschnikowia_lochheadii_SH3313669.08FU(0.0014)	+	d:Fungi
Zotu351	d:Fungi(1.0000),p:Ascomycota(0.6000),c:Leotiomycetes(0.0840),o:Helotiales(0.0118),f:Myxotrichaceae(0.0016),g:Oidiodendron(0.0002)	+	d:Fungi
Zotu352	d:Fungi(1.0000),p:Ascomycota(0.7800),c:Saccharomycetes(0.2262),o:Saccharomycetales(0.0656),f:Metschnikowiaceae(0.0190),g:Metschnikowia(0.0055)	+	d:Fungi
Zotu353	d:Fungi(1.0000),p:Ascomycota(0.8100),c:Saccharomycetes(0.3807),o:Saccharomycetales(0.1789),f:Metschnikowiaceae(0.0823),g:Metschnikowia(0.0379)	+	d:Fungi,p:Ascomycota
Zotu354	d:Fungi(1.0000),p:Ascomycota(0.4900),c:Saccharomycetes(0.1078),o:Saccharomycetales(0.0237),f:Metschnikowiaceae(0.0047),g:Metschnikowia(0.0009)	+	d:Fungi
Zotu355	d:Fungi(1.0000),p:Ascomycota(0.5400),c:Saccharomycetes(0.1782),o:Saccharomycetales(0.0588),f:Metschnikowiaceae(0.0182),g:Metschnikowia(0.0057)	+	d:Fungi
Zotu356	d:Fungi(1.0000),p:Ascomycota(0.6500),c:Xylonomycetes(0.1105),o:Symbiotaphrinales(0.0188),f:Symbiotaphrinaceae(0.0032),g:Symbiotaphrina(0.0005),s:Symbiotaphrina_buchneri_SH1641879.08FU(0.0001)	+	d:Fungi
Zotu357	d:Fungi(1.0000),p:Ascomycota(0.6700),c:Saccharomycetes(0.3283),o:Saccharomycetales(0.1609),f:Metschnikowiaceae(0.0740),g:Metschnikowia(0.0340),s:Metschnikowia_kamakouana_SH3313676.08FU(0.0065)	+	d:Fungi
Zotu358	d:Fungi(1.0000),p:Ascomycota(0.8100),c:Saccharomycetes(0.3726),o:Saccharomycetales(0.1714),f:Metschnikowiaceae(0.0788),g:Metschnikowia(0.0363)	+	d:Fungi,p:Ascomycota
Zotu359	d:Fungi(1.0000),p:Ascomycota(0.6400),c:Saccharomycetes(0.3200),o:Saccharomycetales(0.1600),f:Metschnikowiaceae(0.0736),g:Metschnikowia(0.0339),s:Metschnikowia_borealis_SH3313675.08FU(0.0041)	+	d:Fungi
Zotu360	d:Fungi(1.0000),p:Ascomycota(0.7700),c:Saccharomycetes(0.3388),o:Saccharomycetales(0.1491),f:Metschnikowiaceae(0.0626),g:Metschnikowia(0.0263),s:Metschnikowia_lochheadii_SH3313669.08FU(0.0042)	+	d:Fungi
Zotu361	d:Fungi(1.0000),p:Ascomycota(0.7300),c:Xylonomycetes(0.1533),o:Symbiotaphrinales(0.0322),f:Symbiotaphrinaceae(0.0068),g:Symbiotaphrina(0.0014),s:Symbiotaphrina_buchneri_SH1641879.08FU(0.0003)	+	d:Fungi
Zotu362	d:Fungi(1.0000),p:Ascomycota(0.5200),c:Leotiomycetes(0.0624),o:Helotiales(0.0069),f:Myxotrichaceae(0.0006),g:Oidiodendron(0.0001)	+	d:Fungi
Zotu363	d:Fungi(1.0000),p:Ascomycota(0.6400),c:Xylonomycetes(0.0896),o:Symbiotaphrinales(0.0125),f:Symbiotaphrinaceae(0.0018),g:Symbiotaphrina(0.0002),s:Symbiotaphrina_buchneri_SH1641879.08FU(0.0000)	+	d:Fungi
Zotu364	d:Fungi(1.0000),p:Ascomycota(0.4300),c:Saccharomycetes(0.0903),o:Saccharomycetales(0.0190),f:Metschnikowiaceae(0.0034),g:Metschnikowia(0.0006)	+	d:Fungi
Zotu365	d:Fungi(1.0000),p:Ascomycota(0.7100),c:Xylonomycetes(0.1065),o:Symbiotaphrinales(0.0160),f:Symbiotaphrinaceae(0.0024),g:Symbiotaphrina(0.0004),s:Symbiotaphrina_buchneri_SH1641879.08FU(0.0001)	+	d:Fungi
Zotu366	d:Fungi(1.0000),p:Ascomycota(0.7100),c:Leotiomycetes(0.1562),o:Helotiales(0.0344),f:Myxotrichaceae(0.0069),g:Oidiodendron(0.0014)	+	d:Fungi
Zotu367	d:Fungi(1.0000),p:Ascomycota(0.5900),c:Saccharomycetes(0.2183),o:Saccharomycetales(0.0808),f:Metschnikowiaceae(0.0258),g:Metschnikowia(0.0083)	+	d:Fungi
Zotu368	d:Fungi(1.0000),p:Ascomycota(0.5500),c:Saccharomycetes(0.1595),o:Saccharomycetales(0.0463),f:Metschnikowiaceae(0.0116),g:Metschnikowia(0.0029)	+	d:Fungi
Zotu369	d:Fungi(1.0000),p:Ascomycota(0.6300),c:Saccharomycetes(0.1827),o:Saccharomycetales(0.0530),f:Metschnikowiaceae(0.0132),g:Metschnikowia(0.0033),s:Metschnikowia_lochheadii_SH3313669.08FU(0.0003)	+	d:Fungi
Zotu370	d:Fungi(1.0000),p:Ascomycota(0.6000),c:Saccharomycetes(0.1980),o:Saccharomycetales(0.0653),f:Metschnikowiaceae(0.0189),g:Metschnikowia(0.0055)	+	d:Fungi
Zotu371	d:Fungi(1.0000),p:Ascomycota(0.6200),c:Saccharomycetes(0.1364),o:Saccharomycetales(0.0300),f:Metschnikowiaceae(0.0060),g:Metschnikowia(0.0012)	+	d:Fungi
Zotu372	d:Fungi(1.0000),p:Ascomycota(0.7400),c:Leotiomycetes(0.1406),o:Helotiales(0.0267),f:Myxotrichaceae(0.0045),g:Oidiodendron(0.0008)	+	d:Fungi
Zotu373	d:Fungi(1.0000),p:Ascomycota(0.5600),c:Saccharomycetes(0.1456),o:Saccharomycetales(0.0379),f:Metschnikowiaceae(0.0087),g:Metschnikowia(0.0020)	+	d:Fungi
Zotu374	d:Fungi(1.0000),p:Ascomycota(0.7100),c:Saccharomycetes(0.2414),o:Saccharomycetales(0.0821),f:Metschnikowiaceae(0.0263),g:Metschnikowia(0.0084)	+	d:Fungi
Zotu375	d:Fungi(1.0000),p:Ascomycota(0.4700),c:Leotiomycetes(0.0423),o:Helotiales(0.0038),f:Myxotrichaceae(0.0003),g:Oidiodendron(0.0000)	+	d:Fungi
Zotu376	d:Fungi(1.0000),p:Ascomycota(0.6100),c:Saccharomycetes(0.1647),o:Saccharomycetales(0.0445),f:Metschnikowiaceae(0.0116),g:Metschnikowia(0.0030)	+	d:Fungi
